sample_name,BSF_name,flowcell,lane,cell_type,instrument_model,read_length,read_type,library,organism,data_source
N1180_10,EA001_002_N1180_10_AdelheidWoehrer,BSF_0170_C7WW9ACXX,6,NA,HiSeq_2000,50,single,WGBS,human,bsf_samples
N1317_12,EA001_006_N1317_12_AdelheidWoehrer,BSF_0170_C7WW9ACXX,6,NA,HiSeq_2000,50,single,WGBS,human,bsf_samples
N1020_10,EA001_008_N1020_10_AdelheidWoehrer,BSF_0170_C7WW9ACXX,6,NA,HiSeq_2000,50,single,WGBS,human,bsf_samples
N1916_12,EA001_010_N1916_12_AdelheidWoehrer,BSF_0170_C7WW9ACXX,6,NA,HiSeq_2000,50,single,WGBS,human,bsf_samples
N1279_07,EA001_015_N1279_07_AdelheidWoehrer,BSF_0170_C7WW9ACXX,6,NA,HiSeq_2000,50,single,WGBS,human,bsf_samples
N392_09,EA001_017_N392_09_AdelheidWoehrer,BSF_0170_C7WW9ACXX,6,NA,HiSeq_2000,50,single,WGBS,human,bsf_samples
N1_08,N1_08,BSF_0198_H5HG2BBXX,3,NA,HiSeq_3000,50,single,WGBS,human,bsf_samples
N1252_15A,N1252_15A,BSF_0198_H5HG2BBXX,3,NA,HiSeq_3000,50,single,WGBS,human,bsf_samples
N1221_15,N1221_15,BSF_0198_H5HG2BBXX,3,NA,HiSeq_3000,50,single,WGBS,human,bsf_samples
N1219_15,N1219_15,BSF_0198_H5HG2BBXX,3,NA,HiSeq_3000,50,single,WGBS,human,bsf_samples
N669_06I,N669_06I,BSF_0198_H5HG2BBXX,3,NA,HiSeq_3000,50,single,WGBS,human,bsf_samples
N669_06II,N669_06II,BSF_0198_H5HG2BBXX,3,NA,HiSeq_3000,50,single,WGBS,human,bsf_samples
N861_08AII,N861_08AII,BSF_0198_H5HG2BBXX,3,NA,HiSeq_3000,50,single,WGBS,human,bsf_samples
N861_08AIII,N861_08AIII,BSF_0198_H5HG2BBXX,3,NA,HiSeq_3000,50,single,WGBS,human,bsf_samples
N1677_06,N1677_06,BSF_0198_H5HG2BBXX,4,NA,HiSeq_3000,50,single,WGBS,human,bsf_samples
N380_09B,N380_09B,BSF_0198_H5HG2BBXX,4,NA,HiSeq_3000,50,single,WGBS,human,bsf_samples
N1025_10,N1025_10,BSF_0198_H5HG2BBXX,4,NA,HiSeq_3000,50,single,WGBS,human,bsf_samples
N1197_15,N1197_15,BSF_0198_H5HG2BBXX,4,NA,HiSeq_3000,50,single,WGBS,human,bsf_samples
N709_15,N709_15,BSF_0198_H5HG2BBXX,4,NA,HiSeq_3000,50,single,WGBS,human,bsf_samples
N1436_06,N1436_06,BSF_0198_H5HG2BBXX,4,NA,HiSeq_3000,50,single,WGBS,human,bsf_samples
N1199_15B,N1199_15B,BSF_0198_H5HG2BBXX,4,NA,HiSeq_3000,50,single,WGBS,human,bsf_samples
N1218_15,N1218_15,BSF_0198_H5HG2BBXX,4,NA,HiSeq_3000,50,single,WGBS,human,bsf_samples
N820_07CI,N820_07CI,BSF_0198_H5HG2BBXX,4,NA,HiSeq_3000,50,single,WGBS,human,bsf_samples
N820_07CIII,N820_07CIII,BSF_0198_H5HG2BBXX,4,NA,HiSeq_3000,50,single,WGBS,human,bsf_samples
N1734_10,N1734_10,BSF_0198_H5HG2BBXX,5,NA,HiSeq_3000,50,single,WGBS,human,bsf_samples
N1420_08,N1420_08,BSF_0198_H5HG2BBXX,5,NA,HiSeq_3000,50,single,WGBS,human,bsf_samples
N1198_15,N1198_15,BSF_0198_H5HG2BBXX,5,NA,HiSeq_3000,50,single,WGBS,human,bsf_samples
N1250_15,N1250_15,BSF_0198_H5HG2BBXX,5,NA,HiSeq_3000,50,single,WGBS,human,bsf_samples
N1200_15,N1200_15,BSF_0198_H5HG2BBXX,5,NA,HiSeq_3000,50,single,WGBS,human,bsf_samples
N1201_15,N1201_15,BSF_0198_H5HG2BBXX,5,NA,HiSeq_3000,50,single,WGBS,human,bsf_samples
N986_07CI,N986_07CI,BSF_0198_H5HG2BBXX,5,NA,HiSeq_3000,50,single,WGBS,human,bsf_samples
N986_07CII,N986_07CII,BSF_0198_H5HG2BBXX,5,NA,HiSeq_3000,50,single,WGBS,human,bsf_samples
N861_08AI,N861_08AI,BSF_0198_H5HG2BBXX,5,NA,HiSeq_3000,50,single,WGBS,human,bsf_samples
N912_12F,N912_12F,BSF_0198_H5HG2BBXX,5,NA,HiSeq_3000,50,single,WGBS,human,bsf_samples
N1168_05A,N1168_05A,BSF_0198_H5HG2BBXX,6,NA,HiSeq_3000,50,single,WGBS,human,bsf_samples
N1202_15,N1202_15,BSF_0198_H5HG2BBXX,6,NA,HiSeq_3000,50,single,WGBS,human,bsf_samples
N2367_15II,N2367_15II,BSF_0198_H5HG2BBXX,6,NA,HiSeq_3000,50,single,WGBS,human,bsf_samples
N1222_15,N1222_15,BSF_0198_H5HG2BBXX,6,NA,HiSeq_3000,50,single,WGBS,human,bsf_samples
N1109_10,N1109_10,BSF_0198_H5HG2BBXX,6,NA,HiSeq_3000,50,single,WGBS,human,bsf_samples
N986_07CIII,N986_07CIII,BSF_0198_H5HG2BBXX,6,NA,HiSeq_3000,50,single,WGBS,human,bsf_samples
N708_15,N708_15,BSF_0198_H5HG2BBXX,6,NA,HiSeq_3000,50,single,WGBS,human,bsf_samples
N1231_15,N1231_15,BSF_0198_H5HG2BBXX,6,NA,HiSeq_3000,50,single,WGBS,human,bsf_samples
N820_07CII,N820_07CII,BSF_0198_H5HG2BBXX,6,NA,HiSeq_3000,50,single,WGBS,human,bsf_samples
N2367_15I,N2367_15I,BSF_0198_H5HG2BBXX,6,NA,HiSeq_3000,50,single,WGBS,human,bsf_samples
N1230_15,N1230_15,BSF_0198_H5HG2BBXX,7,NA,HiSeq_3000,50,single,WGBS,human,bsf_samples
N669_06III,N669_06III,BSF_0198_H5HG2BBXX,7,NA,HiSeq_3000,50,single,WGBS,human,bsf_samples
N2367_15III,N2367_15III,BSF_0198_H5HG2BBXX,7,NA,HiSeq_3000,50,single,WGBS,human,bsf_samples
N2368_15I,N2368_15I,BSF_0198_H5HG2BBXX,7,NA,HiSeq_3000,50,single,WGBS,human,bsf_samples
N1471_11A,N1471_11A,BSF_0198_H5HG2BBXX,7,NA,HiSeq_3000,50,single,WGBS,human,bsf_samples
N61_15D,N61_15D,BSF_0198_H5HG2BBXX,7,NA,HiSeq_3000,50,single,WGBS,human,bsf_samples
N321_15C,N321_15C,BSF_0198_H5HG2BBXX,7,NA,HiSeq_3000,50,single,WGBS,human,bsf_samples
N1783_14,N1783_14,BSF_0198_H5HG2BBXX,7,NA,HiSeq_3000,50,single,WGBS,human,bsf_samples
N1203_15,N1203_15,BSF_0198_H5HG2BBXX,7,NA,HiSeq_3000,50,single,WGBS,human,bsf_samples
N2449_14,N2449_14_S11879,BSF_0202_H5HGCBBXX,3,NA,HiSeq_3000,50,single,WGBS,human,bsf_samples
N2448_14,N2448_14_S11878,BSF_0202_H5HGCBBXX,3,NA,HiSeq_3000,50,single,WGBS,human,bsf_samples
N820_07C,N820_07C_S11877,BSF_0202_H5HGCBBXX,3,NA,HiSeq_3000,50,single,WGBS,human,bsf_samples
N1059_07A,N1059_07A_S11876,BSF_0202_H5HGCBBXX,3,NA,HiSeq_3000,50,single,WGBS,human,bsf_samples
N918_15,N918_15_S11875,BSF_0202_H5HGCBBXX,3,NA,HiSeq_3000,50,single,WGBS,human,bsf_samples
N536_07,N536_07_S11874,BSF_0202_H5HGCBBXX,3,NA,HiSeq_3000,50,single,WGBS,human,bsf_samples
N886_12,N886_12_S11873,BSF_0202_H5HGCBBXX,3,NA,HiSeq_3000,50,single,WGBS,human,bsf_samples
N893_08,N893_08_S11872,BSF_0202_H5HGCBBXX,3,NA,HiSeq_3000,50,single,WGBS,human,bsf_samples
N2465_14A,N2465_14A_S11871,BSF_0202_H5HGCBBXX,3,NA,HiSeq_3000,50,single,WGBS,human,bsf_samples
N1237_15,N1237_15_S11870,BSF_0202_H5HGCBBXX,3,NA,HiSeq_3000,50,single,WGBS,human,bsf_samples
N2451_14,N2451_14_S11889,BSF_0202_H5HGCBBXX,4,NA,HiSeq_3000,50,single,WGBS,human,bsf_samples
N2450_14,N2450_14_S11888,BSF_0202_H5HGCBBXX,4,NA,HiSeq_3000,50,single,WGBS,human,bsf_samples
N2447_14A,N2447_14A_S11887,BSF_0202_H5HGCBBXX,4,NA,HiSeq_3000,50,single,WGBS,human,bsf_samples
N417_14,N417_14_S11886,BSF_0202_H5HGCBBXX,4,NA,HiSeq_3000,50,single,WGBS,human,bsf_samples
N174_14v,N174_14v_S11885,BSF_0202_H5HGCBBXX,4,NA,HiSeq_3000,50,single,WGBS,human,bsf_samples
N853_13A,N853_13A_S11884,BSF_0202_H5HGCBBXX,4,NA,HiSeq_3000,50,single,WGBS,human,bsf_samples
N1132_12B,N1132_12B_S11883,BSF_0202_H5HGCBBXX,4,NA,HiSeq_3000,50,single,WGBS,human,bsf_samples
N465_05C,N465_05C_S11882,BSF_0202_H5HGCBBXX,4,NA,HiSeq_3000,50,single,WGBS,human,bsf_samples
N139_03C,N139_03C_S11881,BSF_0202_H5HGCBBXX,4,NA,HiSeq_3000,50,single,WGBS,human,bsf_samples
N1220_15,N1220_15_S11880,BSF_0202_H5HGCBBXX,4,NA,HiSeq_3000,50,single,WGBS,human,bsf_samples
N2446_14,N2446_14_S11899,BSF_0202_H5HGCBBXX,5,NA,HiSeq_3000,50,single,WGBS,human,bsf_samples
N1510_11,N1510_11_S11898,BSF_0202_H5HGCBBXX,5,NA,HiSeq_3000,50,single,WGBS,human,bsf_samples
N441_06,N441_06_S11897,BSF_0202_H5HGCBBXX,5,NA,HiSeq_3000,50,single,WGBS,human,bsf_samples
N1165_14A,N1165_14A_S11896,BSF_0202_H5HGCBBXX,5,NA,HiSeq_3000,50,single,WGBS,human,bsf_samples
N1154_13,N1154_13_S11895,BSF_0202_H5HGCBBXX,5,NA,HiSeq_3000,50,single,WGBS,human,bsf_samples
N1814_09A,N1814_09A_S11894,BSF_0202_H5HGCBBXX,5,NA,HiSeq_3000,50,single,WGBS,human,bsf_samples
N1844_13B,N1844_13B_S11893,BSF_0202_H5HGCBBXX,5,NA,HiSeq_3000,50,single,WGBS,human,bsf_samples
N1234_15,N1234_15_S11892,BSF_0202_H5HGCBBXX,5,NA,HiSeq_3000,50,single,WGBS,human,bsf_samples
N1232_15,N1232_15_S11891,BSF_0202_H5HGCBBXX,5,NA,HiSeq_3000,50,single,WGBS,human,bsf_samples
N2463_14,N2463_14_S11890,BSF_0202_H5HGCBBXX,5,NA,HiSeq_3000,50,single,WGBS,human,bsf_samples
N490_13B,N490_13B_S11909,BSF_0202_H5HGCBBXX,6,NA,HiSeq_3000,50,single,WGBS,human,bsf_samples
N623_04,N623_04_S11908,BSF_0202_H5HGCBBXX,6,NA,HiSeq_3000,50,single,WGBS,human,bsf_samples
N225_09,N225_09_S11907,BSF_0202_H5HGCBBXX,6,NA,HiSeq_3000,50,single,WGBS,human,bsf_samples
N969_08,N969_08_S11906,BSF_0202_H5HGCBBXX,6,NA,HiSeq_3000,50,single,WGBS,human,bsf_samples
N1161_06,N1161_06_S11905,BSF_0202_H5HGCBBXX,6,NA,HiSeq_3000,50,single,WGBS,human,bsf_samples
N1735_09,N1735_09_S11904,BSF_0202_H5HGCBBXX,6,NA,HiSeq_3000,50,single,WGBS,human,bsf_samples
N1233_15,N1233_15_S11903,BSF_0202_H5HGCBBXX,6,NA,HiSeq_3000,50,single,WGBS,human,bsf_samples
N1223_15,N1223_15_S11902,BSF_0202_H5HGCBBXX,6,NA,HiSeq_3000,50,single,WGBS,human,bsf_samples
N1248_04,N1248_04_S11901,BSF_0202_H5HGCBBXX,6,NA,HiSeq_3000,50,single,WGBS,human,bsf_samples
N2462_14,N2462_14_S11900,BSF_0202_H5HGCBBXX,6,NA,HiSeq_3000,50,single,WGBS,human,bsf_samples
N2491_14,N2491_14_S12132,BSF_0209_H7CLLBBXX,2,NA,HiSeq_4000,50,single,WGBS,human,bsf_samples
N1593_12,N1593_12_S12133,BSF_0209_H7CLLBBXX,2,NA,HiSeq_4000,50,single,WGBS,human,bsf_samples
N719_07,N719_07_S12134,BSF_0209_H7CLLBBXX,2,NA,HiSeq_4000,50,single,WGBS,human,bsf_samples
N1518_07A,N1518_07A_S12135,BSF_0209_H7CLLBBXX,2,NA,HiSeq_4000,50,single,WGBS,human,bsf_samples
N531_07,N531_07_S12136,BSF_0209_H7CLLBBXX,2,NA,HiSeq_4000,50,single,WGBS,human,bsf_samples
N1404_13,N1404_13_S12138,BSF_0209_H7CLLBBXX,2,NA,HiSeq_4000,50,single,WGBS,human,bsf_samples
N861_08A,N861_08A_S12139,BSF_0209_H7CLLBBXX,2,NA,HiSeq_4000,50,single,WGBS,human,bsf_samples
N721_13B,N721_13B_S12140,BSF_0209_H7CLLBBXX,2,NA,HiSeq_4000,50,single,WGBS,human,bsf_samples
N2452_14,N2452_14_S12141,BSF_0209_H7CLLBBXX,2,NA,HiSeq_4000,50,single,WGBS,human,bsf_samples
N1239_15,N1239_15_S11850,BSF_0209_H7CLLBBXX,3,NA,HiSeq_4000,50,single,WGBS,human,bsf_samples
N2464_14A,N2464_14A_S11851,BSF_0209_H7CLLBBXX,3,NA,HiSeq_4000,50,single,WGBS,human,bsf_samples
N203_13A,N203_13A_S11852,BSF_0209_H7CLLBBXX,3,NA,HiSeq_4000,50,single,WGBS,human,bsf_samples
N1322_08A,N1322_08A_S11853,BSF_0209_H7CLLBBXX,3,NA,HiSeq_4000,50,single,WGBS,human,bsf_samples
N225_06,N225_06_S11854,BSF_0209_H7CLLBBXX,3,NA,HiSeq_4000,50,single,WGBS,human,bsf_samples
N204_11,N204_11_S11855,BSF_0209_H7CLLBBXX,3,NA,HiSeq_4000,50,single,WGBS,human,bsf_samples
N806_12,N806_12_S11856,BSF_0209_H7CLLBBXX,3,NA,HiSeq_4000,50,single,WGBS,human,bsf_samples
N658_15D,N658_15D_S11857,BSF_0209_H7CLLBBXX,3,NA,HiSeq_4000,50,single,WGBS,human,bsf_samples
N668_06,N668_06_S11858,BSF_0209_H7CLLBBXX,3,NA,HiSeq_4000,50,single,WGBS,human,bsf_samples
N2453_14,N2453_14_S11859,BSF_0209_H7CLLBBXX,3,NA,HiSeq_4000,50,single,WGBS,human,bsf_samples
N1238_15,N1238_15_S11860,BSF_0210_H7CNWBBXX,2,NA,HiSeq_3000,50,single,WGBS,human,bsf_samples
N960_03,N960_03_S11861,BSF_0210_H7CNWBBXX,2,NA,HiSeq_3000,50,single,WGBS,human,bsf_samples
N1224_15B,N1224_15B_S11862,BSF_0210_H7CNWBBXX,2,NA,HiSeq_3000,50,single,WGBS,human,bsf_samples
N2489_14,N2489_14_S11863,BSF_0210_H7CNWBBXX,2,NA,HiSeq_3000,50,single,WGBS,human,bsf_samples
N2490_14,N2490_14_S11864,BSF_0210_H7CNWBBXX,2,NA,HiSeq_3000,50,single,WGBS,human,bsf_samples
N845_13,N845_13_S11865,BSF_0210_H7CNWBBXX,2,NA,HiSeq_3000,50,single,WGBS,human,bsf_samples
N2441_14C,N2441_14C_S11866,BSF_0210_H7CNWBBXX,2,NA,HiSeq_3000,50,single,WGBS,human,bsf_samples
N1576_12,N1576_12_S11867,BSF_0210_H7CNWBBXX,2,NA,HiSeq_3000,50,single,WGBS,human,bsf_samples
N158_07,N158_07_S11868,BSF_0210_H7CNWBBXX,2,NA,HiSeq_3000,50,single,WGBS,human,bsf_samples
N986_07A,N986_07A_S11869,BSF_0210_H7CNWBBXX,2,NA,HiSeq_3000,50,single,WGBS,human,bsf_samples
N1106_05,N1106_05_S12518,BSF_0210_H7CNWBBXX,3,NA,HiSeq_3000,50,single,WGBS,human,bsf_samples
N2461_14,N2461_14_S12519,BSF_0210_H7CNWBBXX,3,NA,HiSeq_3000,50,single,WGBS,human,bsf_samples
N2481_14,N2481_14_S12520,BSF_0210_H7CNWBBXX,3,NA,HiSeq_3000,50,single,WGBS,human,bsf_samples
N386_06,N386_06_S12521,BSF_0210_H7CNWBBXX,3,NA,HiSeq_3000,50,single,WGBS,human,bsf_samples
N1279_14A,N1279_14A_S12522,BSF_0210_H7CNWBBXX,3,NA,HiSeq_3000,50,single,WGBS,human,bsf_samples
N2454_14,N2454_14_S12523,BSF_0210_H7CNWBBXX,3,NA,HiSeq_3000,50,single,WGBS,human,bsf_samples
N2455_14A,N2455_14A_S12524,BSF_0210_H7CNWBBXX,3,NA,HiSeq_3000,50,single,WGBS,human,bsf_samples
N2478_14,N2478_14_S12525,BSF_0210_H7CNWBBXX,3,NA,HiSeq_3000,50,single,WGBS,human,bsf_samples
N1181_15,N1181_15_S12526,BSF_0210_H7CNWBBXX,3,NA,HiSeq_3000,50,single,WGBS,human,bsf_samples
N1188_15,N1188_15_S12527,BSF_0210_H7CNWBBXX,3,NA,HiSeq_3000,50,single,WGBS,human,bsf_samples
N1225_15A,N1225_15A_S12528,BSF_0210_H7CNWBBXX,4,NA,HiSeq_3000,50,single,WGBS,human,bsf_samples
N259_08,N259_08_S12529,BSF_0210_H7CNWBBXX,4,NA,HiSeq_3000,50,single,WGBS,human,bsf_samples
N554_03B,N554_03B_S12530,BSF_0210_H7CNWBBXX,4,NA,HiSeq_3000,50,single,WGBS,human,bsf_samples
N1649_12,N1649_12_S12531,BSF_0210_H7CNWBBXX,4,NA,HiSeq_3000,50,single,WGBS,human,bsf_samples
N2456_14,N2456_14_S12532,BSF_0210_H7CNWBBXX,4,NA,HiSeq_3000,50,single,WGBS,human,bsf_samples
N2457_14,N2457_14_S12533,BSF_0210_H7CNWBBXX,4,NA,HiSeq_3000,50,single,WGBS,human,bsf_samples
N2477_14,N2477_14_S12534,BSF_0210_H7CNWBBXX,4,NA,HiSeq_3000,50,single,WGBS,human,bsf_samples
N1182_15,N1182_15_S12535,BSF_0210_H7CNWBBXX,4,NA,HiSeq_3000,50,single,WGBS,human,bsf_samples
N1186_15,N1186_15_S12536,BSF_0210_H7CNWBBXX,4,NA,HiSeq_3000,50,single,WGBS,human,bsf_samples
N1190_15,N1190_15_S12537,BSF_0210_H7CNWBBXX,4,NA,HiSeq_3000,50,single,WGBS,human,bsf_samples
N127_05A,N127_05A_S12538,BSF_0210_H7CNWBBXX,5,NA,HiSeq_3000,50,single,WGBS,human,bsf_samples
N369_08,N369_08_S12539,BSF_0210_H7CNWBBXX,5,NA,HiSeq_3000,50,single,WGBS,human,bsf_samples
N1388_04,N1388_04_S12540,BSF_0210_H7CNWBBXX,5,NA,HiSeq_3000,50,single,WGBS,human,bsf_samples
N2460_14,N2460_14_S12541,BSF_0210_H7CNWBBXX,5,NA,HiSeq_3000,50,single,WGBS,human,bsf_samples
N2482_14A,N2482_14A_S12542,BSF_0210_H7CNWBBXX,5,NA,HiSeq_3000,50,single,WGBS,human,bsf_samples
N2487_14A,N2487_14A_S12543,BSF_0210_H7CNWBBXX,5,NA,HiSeq_3000,50,single,WGBS,human,bsf_samples
N2488_14,N2488_14_S12544,BSF_0210_H7CNWBBXX,5,NA,HiSeq_3000,50,single,WGBS,human,bsf_samples
N1180_15,N1180_15_S12545,BSF_0210_H7CNWBBXX,5,NA,HiSeq_3000,50,single,WGBS,human,bsf_samples
N1187_15,N1187_15_S12546,BSF_0210_H7CNWBBXX,5,NA,HiSeq_3000,50,single,WGBS,human,bsf_samples
N1189_15A,N1189_15A_S12547,BSF_0210_H7CNWBBXX,5,NA,HiSeq_3000,50,single,WGBS,human,bsf_samples
N1210_15_B,N1210_15_B_S13002,BSF_0212_H7FHFBBXX,2,NA,HiSeq_4000,50,single,WGBS,human,bsf_samples
N2386_15,N2386_15_S13003,BSF_0212_H7FHFBBXX,2,NA,HiSeq_4000,50,single,WGBS,human,bsf_samples
N910_14_B,N910_14_B_S13004,BSF_0212_H7FHFBBXX,2,NA,HiSeq_4000,50,single,WGBS,human,bsf_samples
N2041_14_D,N2041_14_D_S13005,BSF_0212_H7FHFBBXX,2,NA,HiSeq_4000,50,single,WGBS,human,bsf_samples
N2298_13_D,N2298_13_D_S13006,BSF_0212_H7FHFBBXX,2,NA,HiSeq_4000,50,single,WGBS,human,bsf_samples
N762_14_B,N762_14_B_S13007,BSF_0212_H7FHFBBXX,2,NA,HiSeq_4000,50,single,WGBS,human,bsf_samples
N1096_14_B,N1096_14_B_S13008,BSF_0212_H7FHFBBXX,2,NA,HiSeq_4000,50,single,WGBS,human,bsf_samples
N1834_15,N1834_15_S13009,BSF_0212_H7FHFBBXX,2,NA,HiSeq_4000,50,single,WGBS,human,bsf_samples
N2310_13_D,N2310_13_D_S13010,BSF_0212_H7FHFBBXX,2,NA,HiSeq_4000,50,single,WGBS,human,bsf_samples
N1196_15,N1196_15_S13011,BSF_0212_H7FHFBBXX,3,NA,HiSeq_4000,50,single,WGBS,human,bsf_samples
N1206_15,N1206_15_S13012,BSF_0212_H7FHFBBXX,3,NA,HiSeq_4000,50,single,WGBS,human,bsf_samples
N1209_15,N1209_15_S13013,BSF_0212_H7FHFBBXX,3,NA,HiSeq_4000,50,single,WGBS,human,bsf_samples
N1227_15,N1227_15_S13014,BSF_0212_H7FHFBBXX,3,NA,HiSeq_4000,50,single,WGBS,human,bsf_samples
N1245_15,N1245_15_S13015,BSF_0212_H7FHFBBXX,3,NA,HiSeq_4000,50,single,WGBS,human,bsf_samples
N679_15,N679_15_S13016,BSF_0212_H7FHFBBXX,3,NA,HiSeq_4000,50,single,WGBS,human,bsf_samples
N1496_13_C,N1496_13_C_S13017,BSF_0212_H7FHFBBXX,3,NA,HiSeq_4000,50,single,WGBS,human,bsf_samples
N359_14_B,N359_14_B_S13018,BSF_0212_H7FHFBBXX,3,NA,HiSeq_4000,50,single,WGBS,human,bsf_samples
N681_15,N681_15_S13019,BSF_0212_H7FHFBBXX,3,NA,HiSeq_4000,50,single,WGBS,human,bsf_samples
N684_15,N684_15_S13020,BSF_0212_H7FHFBBXX,3,NA,HiSeq_4000,50,single,WGBS,human,bsf_samples
N1205_15,N1205_15_S13021,BSF_0212_H7FHFBBXX,4,NA,HiSeq_4000,50,single,WGBS,human,bsf_samples
N1208_15_B,N1208_15_B_S13022,BSF_0212_H7FHFBBXX,4,NA,HiSeq_4000,50,single,WGBS,human,bsf_samples
N1235_15_A,N1235_15_A_S13023,BSF_0212_H7FHFBBXX,4,NA,HiSeq_4000,50,single,WGBS,human,bsf_samples
N1242_15_A,N1242_15_A_S13024,BSF_0212_H7FHFBBXX,4,NA,HiSeq_4000,50,single,WGBS,human,bsf_samples
N2363_15_C,N2363_15_C_S13025,BSF_0212_H7FHFBBXX,4,NA,HiSeq_4000,50,single,WGBS,human,bsf_samples
N2371_15_B,N2371_15_B_S13026,BSF_0212_H7FHFBBXX,4,NA,HiSeq_4000,50,single,WGBS,human,bsf_samples
N2374_15,N2374_15_S13027,BSF_0212_H7FHFBBXX,4,NA,HiSeq_4000,50,single,WGBS,human,bsf_samples
N2189_15,N2189_15_S13028,BSF_0212_H7FHFBBXX,4,NA,HiSeq_4000,50,single,WGBS,human,bsf_samples
N677_15,N677_15_S13029,BSF_0212_H7FHFBBXX,4,NA,HiSeq_4000,50,single,WGBS,human,bsf_samples
N678_15,N678_15_S13030,BSF_0212_H7FHFBBXX,4,NA,HiSeq_4000,50,single,WGBS,human,bsf_samples
N1192_15,N1192_15_S13031,BSF_0212_H7FHFBBXX,5,NA,HiSeq_4000,50,single,WGBS,human,bsf_samples
N1246_15,N1246_15_S13032,BSF_0212_H7FHFBBXX,5,NA,HiSeq_4000,50,single,WGBS,human,bsf_samples
N2362_15,N2362_15_S13033,BSF_0212_H7FHFBBXX,5,NA,HiSeq_4000,50,single,WGBS,human,bsf_samples
N2368_15,N2368_15_S13034,BSF_0212_H7FHFBBXX,5,NA,HiSeq_4000,50,single,WGBS,human,bsf_samples
N2372_15,N2372_15_S13035,BSF_0212_H7FHFBBXX,5,NA,HiSeq_4000,50,single,WGBS,human,bsf_samples
N2375_15,N2375_15_S13036,BSF_0212_H7FHFBBXX,5,NA,HiSeq_4000,50,single,WGBS,human,bsf_samples
N2378_15,N2378_15_S13037,BSF_0212_H7FHFBBXX,5,NA,HiSeq_4000,50,single,WGBS,human,bsf_samples
N2381_15,N2381_15_S13038,BSF_0212_H7FHFBBXX,5,NA,HiSeq_4000,50,single,WGBS,human,bsf_samples
N2403_15,N2403_15_S13039,BSF_0212_H7FHFBBXX,5,NA,HiSeq_4000,50,single,WGBS,human,bsf_samples
N605_13,N605_13_S13040,BSF_0212_H7FHFBBXX,5,NA,HiSeq_4000,50,single,WGBS,human,bsf_samples
N1191_15,N1191_15_S13041,BSF_0212_H7FHFBBXX,6,NA,HiSeq_4000,50,single,WGBS,human,bsf_samples
M1211_15,M1211_15_S13042,BSF_0212_H7FHFBBXX,6,NA,HiSeq_4000,50,single,WGBS,human,bsf_samples
N1212_15,N1212_15_S13043,BSF_0212_H7FHFBBXX,6,NA,HiSeq_4000,50,single,WGBS,human,bsf_samples
N1243_15,N1243_15_S13044,BSF_0212_H7FHFBBXX,6,NA,HiSeq_4000,50,single,WGBS,human,bsf_samples
N1247_15,N1247_15_S13045,BSF_0212_H7FHFBBXX,6,NA,HiSeq_4000,50,single,WGBS,human,bsf_samples
N2373_15,N2373_15_S13046,BSF_0212_H7FHFBBXX,6,NA,HiSeq_4000,50,single,WGBS,human,bsf_samples
N2380_15_C,N2380_15_C_S13047,BSF_0212_H7FHFBBXX,6,NA,HiSeq_4000,50,single,WGBS,human,bsf_samples
N683_15,N683_15_S13048,BSF_0212_H7FHFBBXX,6,NA,HiSeq_4000,50,single,WGBS,human,bsf_samples
N686_15,N686_15_S13049,BSF_0212_H7FHFBBXX,6,NA,HiSeq_4000,50,single,WGBS,human,bsf_samples
N1195_15,N1195_15_S13050,BSF_0212_H7FHFBBXX,7,NA,HiSeq_4000,50,single,WGBS,human,bsf_samples
N1204_15,N1204_15_S13051,BSF_0212_H7FHFBBXX,7,NA,HiSeq_4000,50,single,WGBS,human,bsf_samples
N1207_15,N1207_15_S13052,BSF_0212_H7FHFBBXX,7,NA,HiSeq_4000,50,single,WGBS,human,bsf_samples
N1213_15,N1213_15_S13053,BSF_0212_H7FHFBBXX,7,NA,HiSeq_4000,50,single,WGBS,human,bsf_samples
N1226_15,N1226_15_S13054,BSF_0212_H7FHFBBXX,7,NA,HiSeq_4000,50,single,WGBS,human,bsf_samples
N1236_15,N1236_15_S13055,BSF_0212_H7FHFBBXX,7,NA,HiSeq_4000,50,single,WGBS,human,bsf_samples
N1241_15,N1241_15_S13056,BSF_0212_H7FHFBBXX,7,NA,HiSeq_4000,50,single,WGBS,human,bsf_samples
N2376_15,N2376_15_S13057,BSF_0212_H7FHFBBXX,7,NA,HiSeq_4000,50,single,WGBS,human,bsf_samples
N2382_15,N2382_15_S13058,BSF_0212_H7FHFBBXX,7,NA,HiSeq_4000,50,single,WGBS,human,bsf_samples
N1228_15,N1228_15_S13059,BSF_0212_H7FHFBBXX,8,NA,HiSeq_4000,50,single,WGBS,human,bsf_samples
N1229_15_A,N1229_15_A_S13060,BSF_0212_H7FHFBBXX,8,NA,HiSeq_4000,50,single,WGBS,human,bsf_samples
N2367_15,N2367_15_S13061,BSF_0212_H7FHFBBXX,8,NA,HiSeq_4000,50,single,WGBS,human,bsf_samples
N2377_15,N2377_15_S13062,BSF_0212_H7FHFBBXX,8,NA,HiSeq_4000,50,single,WGBS,human,bsf_samples
N1315_11_B,N1315_11_B_S13063,BSF_0212_H7FHFBBXX,8,NA,HiSeq_4000,50,single,WGBS,human,bsf_samples
N2383_15,N2383_15_S13064,BSF_0212_H7FHFBBXX,8,NA,HiSeq_4000,50,single,WGBS,human,bsf_samples
N2384_15,N2384_15_S13065,BSF_0212_H7FHFBBXX,8,NA,HiSeq_4000,50,single,WGBS,human,bsf_samples
N2385_15,N2385_15_S13066,BSF_0212_H7FHFBBXX,8,NA,HiSeq_4000,50,single,WGBS,human,bsf_samples
N1020_10_f,N1020_10_f_S13278,BSF_0215_H7LGVBBXX,2,NA,HiSeq_4000,50,single,WGBS,human,bsf_samples
N1916_12_f,N1916_12_f_S13279,BSF_0215_H7LGVBBXX,2,NA,HiSeq_4000,50,single,WGBS,human,bsf_samples
N1575_78_12_f,N1575_78_12_f_S13280,BSF_0215_H7LGVBBXX,2,NA,HiSeq_4000,50,single,WGBS,human,bsf_samples
N1404_13_f,N1404_13_f_S13281,BSF_0215_H7LGVBBXX,2,NA,HiSeq_4000,50,single,WGBS,human,bsf_samples
N1131_12_f,N1131_12_f_S13282,BSF_0215_H7LGVBBXX,2,NA,HiSeq_4000,50,single,WGBS,human,bsf_samples
N1844_13_f,N1844_13_f_S13283,BSF_0215_H7LGVBBXX,2,NA,HiSeq_4000,50,single,WGBS,human,bsf_samples
N1592_95_12_f,N1592_95_12_f_S13284,BSF_0215_H7LGVBBXX,2,NA,HiSeq_4000,50,single,WGBS,human,bsf_samples
N1154_55_13_f,N1154_55_13_f_S13285,BSF_0215_H7LGVBBXX,2,NA,HiSeq_4000,50,single,WGBS,human,bsf_samples
N822_13_f,N822_13_f_S13286,BSF_0215_H7LGVBBXX,2,NA,HiSeq_4000,50,single,WGBS,human,bsf_samples
N458_14_f,N458_14_f_S13287,BSF_0215_H7LGVBBXX,2,NA,HiSeq_4000,50,single,WGBS,human,bsf_samples
N687_15,N687_15_S13288,BSF_0215_H7LGVBBXX,3,NA,HiSeq_4000,50,single,WGBS,human,bsf_samples
N688_15,N688_15_S13289,BSF_0215_H7LGVBBXX,3,NA,HiSeq_4000,50,single,WGBS,human,bsf_samples
N700_15_B,N700_15_B_S13290,BSF_0215_H7LGVBBXX,3,NA,HiSeq_4000,50,single,WGBS,human,bsf_samples
N703_15,N703_15_S13291,BSF_0215_H7LGVBBXX,3,NA,HiSeq_4000,50,single,WGBS,human,bsf_samples
N714_15,N714_15_S13292,BSF_0215_H7LGVBBXX,3,NA,HiSeq_4000,50,single,WGBS,human,bsf_samples
N845_13_f,N845_13_f_S13293,BSF_0215_H7LGVBBXX,3,NA,HiSeq_4000,50,single,WGBS,human,bsf_samples
N886_12_f,N886_12_f_S13294,BSF_0215_H7LGVBBXX,3,NA,HiSeq_4000,50,single,WGBS,human,bsf_samples
N721_13_f,N721_13_f_S13295,BSF_0215_H7LGVBBXX,3,NA,HiSeq_4000,50,single,WGBS,human,bsf_samples
N417_14_f,N417_14_f_S13296,BSF_0215_H7LGVBBXX,3,NA,HiSeq_4000,50,single,WGBS,human,bsf_samples
N1267_07_rr,N1267_07_rr_S13297,BSF_0215_H7LGVBBXX,3,NA,HiSeq_4000,50,single,WGBS,human,bsf_samples
N1283_13_B,N1283_13_B_S13298,BSF_0215_H7LGVBBXX,4,NA,HiSeq_4000,50,single,WGBS,human,bsf_samples
N690_15,N690_15_S13299,BSF_0215_H7LGVBBXX,4,NA,HiSeq_4000,50,single,WGBS,human,bsf_samples
N693_15,N693_15_S13300,BSF_0215_H7LGVBBXX,4,NA,HiSeq_4000,50,single,WGBS,human,bsf_samples
N698_15,N698_15_S13301,BSF_0215_H7LGVBBXX,4,NA,HiSeq_4000,50,single,WGBS,human,bsf_samples
N702_15,N702_15_S13302,BSF_0215_H7LGVBBXX,4,NA,HiSeq_4000,50,single,WGBS,human,bsf_samples
N995_11,N995_11_S13303,BSF_0215_H7LGVBBXX,4,NA,HiSeq_4000,50,single,WGBS,human,bsf_samples
N234_09_C,N234_09_C_S13304,BSF_0215_H7LGVBBXX,4,NA,HiSeq_4000,50,single,WGBS,human,bsf_samples
N1201_15_III,N1201_15_III_S13305,BSF_0215_H7LGVBBXX,4,NA,HiSeq_4000,50,single,WGBS,human,bsf_samples
N1219_15_I,N1219_15_I_S13306,BSF_0215_H7LGVBBXX,4,NA,HiSeq_4000,50,single,WGBS,human,bsf_samples
N1252_15A_I,N1252_15A_I_S13307,BSF_0215_H7LGVBBXX,4,NA,HiSeq_4000,50,single,WGBS,human,bsf_samples
N695_15,N695_15_S13308,BSF_0215_H7LGVBBXX,5,NA,HiSeq_4000,50,single,WGBS,human,bsf_samples
N701_15_B,N701_15_B_S13309,BSF_0215_H7LGVBBXX,5,NA,HiSeq_4000,50,single,WGBS,human,bsf_samples
N706_15,N706_15_S13310,BSF_0215_H7LGVBBXX,5,NA,HiSeq_4000,50,single,WGBS,human,bsf_samples
N721_15,N721_15_S13311,BSF_0215_H7LGVBBXX,5,NA,HiSeq_4000,50,single,WGBS,human,bsf_samples
N475_15,N475_15_S13312,BSF_0215_H7LGVBBXX,5,NA,HiSeq_4000,50,single,WGBS,human,bsf_samples
N2506_14_B,N2506_14_B_S13313,BSF_0215_H7LGVBBXX,5,NA,HiSeq_4000,50,single,WGBS,human,bsf_samples
N1135_15F,N1135_15F_S13314,BSF_0215_H7LGVBBXX,5,NA,HiSeq_4000,50,single,WGBS,human,bsf_samples
N1218_15_III,N1218_15_III_S13315,BSF_0215_H7LGVBBXX,5,NA,HiSeq_4000,50,single,WGBS,human,bsf_samples
N1220_15_I,N1220_15_I_S13316,BSF_0215_H7LGVBBXX,5,NA,HiSeq_4000,50,single,WGBS,human,bsf_samples
N1180_10B_tr3,N1180_10B_tr3_S13317,BSF_0215_H7LGVBBXX,5,NA,HiSeq_4000,50,single,WGBS,human,bsf_samples
N715_15,N715_15_S13318,BSF_0215_H7LGVBBXX,6,NA,HiSeq_4000,50,single,WGBS,human,bsf_samples
N720_15_B,N720_15_B_S13319,BSF_0215_H7LGVBBXX,6,NA,HiSeq_4000,50,single,WGBS,human,bsf_samples
N2264_13,N2264_13_S13320,BSF_0215_H7LGVBBXX,6,NA,HiSeq_4000,50,single,WGBS,human,bsf_samples
N1764_06,N1764_06_S13321,BSF_0215_H7LGVBBXX,6,NA,HiSeq_4000,50,single,WGBS,human,bsf_samples
N1200_15_III,N1200_15_III_S13322,BSF_0215_H7LGVBBXX,6,NA,HiSeq_4000,50,single,WGBS,human,bsf_samples
N1201_15_I,N1201_15_I_S13323,BSF_0215_H7LGVBBXX,6,NA,HiSeq_4000,50,single,WGBS,human,bsf_samples
N1218_15_II,N1218_15_II_S13324,BSF_0215_H7LGVBBXX,6,NA,HiSeq_4000,50,single,WGBS,human,bsf_samples
N1250_15_III,N1250_15_III_S13325,BSF_0215_H7LGVBBXX,6,NA,HiSeq_4000,50,single,WGBS,human,bsf_samples
N1317_12_tr3,N1317_12_tr3_S13326,BSF_0215_H7LGVBBXX,6,NA,HiSeq_4000,50,single,WGBS,human,bsf_samples
N1279_07A_tr3,N1279_07A_tr3_S13327,BSF_0215_H7LGVBBXX,6,NA,HiSeq_4000,50,single,WGBS,human,bsf_samples
N689_15,N689_15_S13357,BSF_0215_H7LGVBBXX,7,NA,HiSeq_4000,50,single,WGBS,human,bsf_samples
N699_15,N699_15_S13358,BSF_0215_H7LGVBBXX,7,NA,HiSeq_4000,50,single,WGBS,human,bsf_samples
N710_15,N710_15_S13359,BSF_0215_H7LGVBBXX,7,NA,HiSeq_4000,50,single,WGBS,human,bsf_samples
N712_15,N712_15_S13360,BSF_0215_H7LGVBBXX,7,NA,HiSeq_4000,50,single,WGBS,human,bsf_samples
N713_15,N713_15_S13361,BSF_0215_H7LGVBBXX,7,NA,HiSeq_4000,50,single,WGBS,human,bsf_samples
N722_15,N722_15_S13362,BSF_0215_H7LGVBBXX,7,NA,HiSeq_4000,50,single,WGBS,human,bsf_samples
N733_15_C,N733_15_C_S13363,BSF_0215_H7LGVBBXX,7,NA,HiSeq_4000,50,single,WGBS,human,bsf_samples
N1330_09,N1330_09_S13364,BSF_0215_H7LGVBBXX,7,NA,HiSeq_4000,50,single,WGBS,human,bsf_samples
N1199_15B_II,N1199_15B_II_S13365,BSF_0215_H7LGVBBXX,7,NA,HiSeq_4000,50,single,WGBS,human,bsf_samples
N392_09_tr3,N392_09_tr3_S13366,BSF_0215_H7LGVBBXX,7,NA,HiSeq_4000,50,single,WGBS,human,bsf_samples
N707_15,N707_15_S13328,BSF_0215_H7LGVBBXX,8,NA,HiSeq_4000,50,single,WGBS,human,bsf_samples
N719_15,N719_15_S13329,BSF_0215_H7LGVBBXX,8,NA,HiSeq_4000,50,single,WGBS,human,bsf_samples
N115_14,N115_14_S13330,BSF_0215_H7LGVBBXX,8,NA,HiSeq_4000,50,single,WGBS,human,bsf_samples
N2083_13_A,N2083_13_A_S13331,BSF_0215_H7LGVBBXX,8,NA,HiSeq_4000,50,single,WGBS,human,bsf_samples
N2462_15,N2462_15_S13332,BSF_0215_H7LGVBBXX,8,NA,HiSeq_4000,50,single,WGBS,human,bsf_samples
N294_10_C,N294_10_C_S13333,BSF_0215_H7LGVBBXX,8,NA,HiSeq_4000,50,single,WGBS,human,bsf_samples
N1199_15_BIII,N1199_15_BIII_S13334,BSF_0215_H7LGVBBXX,8,NA,HiSeq_4000,50,single,WGBS,human,bsf_samples
N1200_15_II,N1200_15_II_S13335,BSF_0215_H7LGVBBXX,8,NA,HiSeq_4000,50,single,WGBS,human,bsf_samples
N1201_15_II,N1201_15_II_S13336,BSF_0215_H7LGVBBXX,8,NA,HiSeq_4000,50,single,WGBS,human,bsf_samples
N1020_10_tr3,N1020_10_tr3_S13337,BSF_0215_H7LGVBBXX,8,NA,HiSeq_4000,50,single,WGBS,human,bsf_samples
N1199_15B_I,N1199_15B_I_S13340,BSF_0216_H7LYGBBXX,2,NA,HiSeq_3000,60,single,WGBS,human,bsf_samples
N1200_15_I,N1200_15_I_S13341,BSF_0216_H7LYGBBXX,2,NA,HiSeq_3000,60,single,WGBS,human,bsf_samples
N1218_15_I,N1218_15_I_S13342,BSF_0216_H7LYGBBXX,2,NA,HiSeq_3000,60,single,WGBS,human,bsf_samples
N1219_15_II,N1219_15_II_S13343,BSF_0216_H7LYGBBXX,2,NA,HiSeq_3000,60,single,WGBS,human,bsf_samples
N1250_15_I,N1250_15_I_S13344,BSF_0216_H7LYGBBXX,2,NA,HiSeq_3000,60,single,WGBS,human,bsf_samples
N1250_15_II,N1250_15_II_S13345,BSF_0216_H7LYGBBXX,2,NA,HiSeq_3000,60,single,WGBS,human,bsf_samples
N1252_15A_II,N1252_15A_II_S13346,BSF_0216_H7LYGBBXX,2,NA,HiSeq_3000,60,single,WGBS,human,bsf_samples
N1252_15A_III,N1252_15A_III_S13347,BSF_0216_H7LYGBBXX,2,NA,HiSeq_3000,60,single,WGBS,human,bsf_samples
N711_15,N711_15_S13348,BSF_0216_H7LYGBBXX,3,NA,HiSeq_3000,60,single,WGBS,human,bsf_samples
N1935_14,N1935_14_S13349,BSF_0216_H7LYGBBXX,3,NA,HiSeq_3000,60,single,WGBS,human,bsf_samples
N840_01,N840_01_S13350,BSF_0216_H7LYGBBXX,3,NA,HiSeq_3000,60,single,WGBS,human,bsf_samples
N995_10,N995_10_S13351,BSF_0216_H7LYGBBXX,3,NA,HiSeq_3000,60,single,WGBS,human,bsf_samples
N1195_13_A,N1195_13_A_S13352,BSF_0216_H7LYGBBXX,3,NA,HiSeq_3000,60,single,WGBS,human,bsf_samples
N2368_15_II,N2368_15_II_S13353,BSF_0216_H7LYGBBXX,3,NA,HiSeq_3000,60,single,WGBS,human,bsf_samples
N2368_15_III,N2368_15_III_S13354,BSF_0216_H7LYGBBXX,3,NA,HiSeq_3000,60,single,WGBS,human,bsf_samples
N1220_15_II,N1220_15_II_S13355,BSF_0216_H7LYGBBXX,3,NA,HiSeq_3000,60,single,WGBS,human,bsf_samples
N1220_15_III,N1220_15_III_S13356,BSF_0216_H7LYGBBXX,3,NA,HiSeq_3000,60,single,WGBS,human,bsf_samples
N194_05_A,N194_05_A_S13338,BSF_0216_H7LYGBBXX,2,NA,HiSeq_3000,60,single,WGBS,human,bsf_samples
N54_13,N54_13_S13339,BSF_0216_H7LYGBBXX,2,NA,HiSeq_3000,60,single,WGBS,human,bsf_samples
N1453_06B,S_1453_06B_S17824,BSF_0259_HGH5FBBXX,7,NA,HiSeq_3000,50,single,WGBS,human,bsf_samples
Graz_10_1_2009,Graz_10_1_2009_S17843,BSF_0259_HGH5FBBXX,8,NA,HiSeq_3000,50,single,WGBS,human,bsf_samples
Graz_10_3_2009,Graz_10_3_2009_S17841,BSF_0259_HGH5FBBXX,8,NA,HiSeq_3000,50,single,WGBS,human,bsf_samples
Graz_11_3_2011,Graz_11_3_2011_S17840,BSF_0259_HGH5FBBXX,8,NA,HiSeq_3000,50,single,WGBS,human,bsf_samples
Graz_11_8_2012,Graz_11_8_2012_S17816,BSF_0259_HGH5FBBXX,6,NA,HiSeq_3000,50,single,WGBS,human,bsf_samples
Graz_12_2_2011,Graz_12_2_2011_S17828,BSF_0259_HGH5FBBXX,7,NA,HiSeq_3000,50,single,WGBS,human,bsf_samples
Graz_12_3_2011,Graz_12_3_2011_S17844,BSF_0259_HGH5FBBXX,8,NA,HiSeq_3000,50,single,WGBS,human,bsf_samples
Graz_4_1_2010,Graz_4_1_2010_S17842,BSF_0259_HGH5FBBXX,8,NA,HiSeq_3000,50,single,WGBS,human,bsf_samples
Graz_4_5_2010,Graz_4_5_2010_S17835,BSF_0259_HGH5FBBXX,8,NA,HiSeq_3000,50,single,WGBS,human,bsf_samples
Graz_5_1_2009,Graz_5_1_2009_S17838,BSF_0259_HGH5FBBXX,8,NA,HiSeq_3000,50,single,WGBS,human,bsf_samples
Graz_5_4_2009,Graz_5_4_2009_S17837,BSF_0259_HGH5FBBXX,8,NA,HiSeq_3000,50,single,WGBS,human,bsf_samples
Graz_9_2_2011,Graz_9_2_2011_S17839,BSF_0259_HGH5FBBXX,8,NA,HiSeq_3000,50,single,WGBS,human,bsf_samples
Graz_9_4_2012,Graz_9_4_2012_S17832,BSF_0259_HGH5FBBXX,7,NA,HiSeq_3000,50,single,WGBS,human,bsf_samples
Graz_9_8_2014,Graz_9_8_2014_S17833,BSF_0259_HGH5FBBXX,7,NA,HiSeq_3000,50,single,WGBS,human,bsf_samples
Graz_11_2_2010,Graz_11_2_2010_S18419,BSF_0262_HGHT7BBXX,8,NA,HiSeq_3000,50,single,WGBS,human,bsf_samples
N_541_09,N_541_09_S17806,BSF_0259_HGH5FBBXX,5,NA,HiSeq_3000,50,single,WGBS,human,bsf_samples
N_561_11,N_561_11_S17803,BSF_0259_HGH5FBBXX,4,NA,HiSeq_3000,50,single,WGBS,human,bsf_samples
N_778_11,N_778_11_S17808,BSF_0259_HGH5FBBXX,5,NA,HiSeq_3000,50,single,WGBS,human,bsf_samples
N_795_13,N_795_13_S17807,BSF_0259_HGH5FBBXX,5,NA,HiSeq_3000,50,single,WGBS,human,bsf_samples
N1020_10_rk,N1020_10_RCL1_S17818,BSF_0259_HGH5FBBXX,6,NA,HiSeq_3000,50,single,WGBS,human,bsf_samples
N1025_10_rk,N1025_10_RCL_G2_S17810,BSF_0259_HGH5FBBXX,5,NA,HiSeq_3000,50,single,WGBS,human,bsf_samples
N1101_03B,N1101_03B_S17827,BSF_0259_HGH5FBBXX,7,NA,HiSeq_3000,50,single,WGBS,human,bsf_samples
N1109_10_rk,N1109_10_RCL2_S17830,BSF_0259_HGH5FBBXX,7,NA,HiSeq_3000,50,single,WGBS,human,bsf_samples
N1137_98,N1137_98_S17817,BSF_0259_HGH5FBBXX,6,NA,HiSeq_3000,50,single,WGBS,human,bsf_samples
N1165_14_rk,N1165_14_Kfix_1_plus_2_S17809,BSF_0259_HGH5FBBXX,5,NA,HiSeq_3000,50,single,WGBS,human,bsf_samples
N1180_10_rk,N1180_10_RCL_G2_S17812,BSF_0259_HGH5FBBXX,5,NA,HiSeq_3000,50,single,WGBS,human,bsf_samples
N1317_12_rk,N1317_12_Kfix2_S17805,BSF_0259_HGH5FBBXX,5,NA,HiSeq_3000,50,single,WGBS,human,bsf_samples
N1420_08_rk,N1420_08_RCL_S17829,BSF_0259_HGH5FBBXX,7,NA,HiSeq_3000,50,single,WGBS,human,bsf_samples
N1512_14B,N1512_14B_S17799,BSF_0259_HGH5FBBXX,4,NA,HiSeq_3000,50,single,WGBS,human,bsf_samples
N173_14_rk,N173_14_Kfix2_S17797,BSF_0259_HGH5FBBXX,4,NA,HiSeq_3000,50,single,WGBS,human,bsf_samples
N1814_09_rk,N1814_09_RCL3_S17814,BSF_0259_HGH5FBBXX,6,NA,HiSeq_3000,50,single,WGBS,human,bsf_samples
N1844_13_rk,N1844_13_Kfix_S17794,BSF_0259_HGH5FBBXX,4,NA,HiSeq_3000,50,single,WGBS,human,bsf_samples
N1995_15,N1995_15_S17821,BSF_0259_HGH5FBBXX,6,NA,HiSeq_3000,50,single,WGBS,human,bsf_samples
N200_15,N200_15_S17820,BSF_0259_HGH5FBBXX,6,NA,HiSeq_3000,50,single,WGBS,human,bsf_samples
N225_09_rk,N225_09_RCL_S17826,BSF_0259_HGH5FBBXX,7,NA,HiSeq_3000,50,single,WGBS,human,bsf_samples
N2515_15C,N2515_15C_S17823,BSF_0259_HGH5FBBXX,6,NA,HiSeq_3000,50,single,WGBS,human,bsf_samples
N2566_15_B,N2566_15_B_S17813,BSF_0259_HGH5FBBXX,5,NA,HiSeq_3000,50,single,WGBS,human,bsf_samples
N2613_14C,N2613_14C_S17819,BSF_0259_HGH5FBBXX,6,NA,HiSeq_3000,50,single,WGBS,human,bsf_samples
N269_16,N269_16_S17802,BSF_0259_HGH5FBBXX,4,NA,HiSeq_3000,50,single,WGBS,human,bsf_samples
N282_08,N282_08_S17831,BSF_0259_HGH5FBBXX,7,NA,HiSeq_3000,50,single,WGBS,human,bsf_samples
N289_04A,N289_04A_S17811,BSF_0259_HGH5FBBXX,5,NA,HiSeq_3000,50,single,WGBS,human,bsf_samples
N41_05A,N41_05A_S17822,BSF_0259_HGH5FBBXX,6,NA,HiSeq_3000,50,single,WGBS,human,bsf_samples
N417_14_rk,N417_14_Kfix_2_plus_3_S17798,BSF_0259_HGH5FBBXX,4,NA,HiSeq_3000,50,single,WGBS,human,bsf_samples
N444_16B_1,N444_16B_1_S17825,BSF_0259_HGH5FBBXX,7,NA,HiSeq_3000,50,single,WGBS,human,bsf_samples
N656_15_rk,N656_15_Kfix_S17796,BSF_0259_HGH5FBBXX,4,NA,HiSeq_3000,50,single,WGBS,human,bsf_samples
N697_11A,N697_11A_S17815,BSF_0259_HGH5FBBXX,6,NA,HiSeq_3000,50,single,WGBS,human,bsf_samples
N721_13_rk,N721_13_Kfix_G1_S17800,BSF_0259_HGH5FBBXX,4,NA,HiSeq_3000,50,single,WGBS,human,bsf_samples
N759_15B,N759_15B_S17834,BSF_0259_HGH5FBBXX,8,NA,HiSeq_3000,50,single,WGBS,human,bsf_samples
N781_12C,N781_12C_S17836,BSF_0259_HGH5FBBXX,8,NA,HiSeq_3000,50,single,WGBS,human,bsf_samples
N883_16A,N883_16A_S17804,BSF_0259_HGH5FBBXX,5,NA,HiSeq_3000,50,single,WGBS,human,bsf_samples
N886_12_rk,N886_12_Kfix_plus_RCL_S17795,BSF_0259_HGH5FBBXX,4,NA,HiSeq_3000,50,single,WGBS,human,bsf_samples
N901_07_A,N901_07_A_S17801,BSF_0259_HGH5FBBXX,4,NA,HiSeq_3000,50,single,WGBS,human,bsf_samples
N2712_15,N2712_15_S33308,BSF_0404_HNH5WBBXX,2,NA,HiSeq_3000,50,single,WGBS,human,bsf_samples
N661_08G3,N661_08G3_S33309,BSF_0404_HNH5WBBXX,2,NA,HiSeq_3000,50,single,WGBS,human,bsf_samples
N307_08C,N307_08C_S33310,BSF_0404_HNH5WBBXX,2,NA,HiSeq_3000,50,single,WGBS,human,bsf_samples
N104_11B,N104_11B_S33311,BSF_0404_HNH5WBBXX,2,NA,HiSeq_3000,50,single,WGBS,human,bsf_samples
N1290_12C,N1290_12C_S33312,BSF_0404_HNH5WBBXX,2,NA,HiSeq_3000,50,single,WGBS,human,bsf_samples
N2207_13,N2207_13_S33313,BSF_0404_HNH5WBBXX,2,NA,HiSeq_3000,50,single,WGBS,human,bsf_samples
N712_14,N712_14_S33314,BSF_0404_HNH5WBBXX,2,NA,HiSeq_3000,50,single,WGBS,human,bsf_samples
N1653_07B,N1653_07B_S33315,BSF_0404_HNH5WBBXX,2,NA,HiSeq_3000,50,single,WGBS,human,bsf_samples
N1225_11,N1225_11_S33316,BSF_0404_HNH5WBBXX,2,NA,HiSeq_3000,50,single,WGBS,human,bsf_samples
N466_12A,N466_12A_S33317,BSF_0404_HNH5WBBXX,3,NA,HiSeq_3000,50,single,WGBS,human,bsf_samples
N1541_14,N1541_14_S33318,BSF_0404_HNH5WBBXX,3,NA,HiSeq_3000,50,single,WGBS,human,bsf_samples
N1672_14,N1672_14_S33319,BSF_0404_HNH5WBBXX,3,NA,HiSeq_3000,50,single,WGBS,human,bsf_samples
N2606_15,N2606_15_S33320,BSF_0404_HNH5WBBXX,3,NA,HiSeq_3000,50,single,WGBS,human,bsf_samples
N418_14,N418_14_S33321,BSF_0404_HNH5WBBXX,3,NA,HiSeq_3000,50,single,WGBS,human,bsf_samples
N313_10,N313_10_S33322,BSF_0404_HNH5WBBXX,3,NA,HiSeq_3000,50,single,WGBS,human,bsf_samples
N1563_09,N1563_09_S33323,BSF_0404_HNH5WBBXX,3,NA,HiSeq_3000,50,single,WGBS,human,bsf_samples
N711_09,N711_09_S33324,BSF_0404_HNH5WBBXX,3,NA,HiSeq_3000,50,single,WGBS,human,bsf_samples
N567_09C,N567_09C_S33325,BSF_0404_HNH5WBBXX,3,NA,HiSeq_3000,50,single,WGBS,human,bsf_samples
N500_10,N500_10_S33326,BSF_0404_HNH5WBBXX,3,NA,HiSeq_3000,50,single,WGBS,human,bsf_samples
N654_12B,N654_12B_S33327,BSF_0404_HNH5WBBXX,4,NA,HiSeq_3000,50,single,WGBS,human,bsf_samples
N1711_10B,N1711_10B_S33328,BSF_0404_HNH5WBBXX,4,NA,HiSeq_3000,50,single,WGBS,human,bsf_samples
N581_14A,N581_14A_S33329,BSF_0404_HNH5WBBXX,4,NA,HiSeq_3000,50,single,WGBS,human,bsf_samples
N815_08,N815_08_S33330,BSF_0404_HNH5WBBXX,4,NA,HiSeq_3000,50,single,WGBS,human,bsf_samples
N2611_14D,N2611_14D_S33331,BSF_0404_HNH5WBBXX,4,NA,HiSeq_3000,50,single,WGBS,human,bsf_samples
N1277_10,N1277_10_S33332,BSF_0404_HNH5WBBXX,4,NA,HiSeq_3000,50,single,WGBS,human,bsf_samples
N1516_10B,N1516_10B_S33333,BSF_0404_HNH5WBBXX,4,NA,HiSeq_3000,50,single,WGBS,human,bsf_samples
N591_10,N591_10_S33334,BSF_0404_HNH5WBBXX,4,NA,HiSeq_3000,50,single,WGBS,human,bsf_samples
N1254_06A,N1254_06A_S33335,BSF_0404_HNH5WBBXX,4,NA,HiSeq_3000,50,single,WGBS,human,bsf_samples
N637_10,N637_10_S33336,BSF_0404_HNH5WBBXX,5,NA,HiSeq_3000,50,single,WGBS,human,bsf_samples
N1448_14,N1448_14_S33337,BSF_0404_HNH5WBBXX,5,NA,HiSeq_3000,50,single,WGBS,human,bsf_samples
N1875_14,N1875_14_S33338,BSF_0404_HNH5WBBXX,5,NA,HiSeq_3000,50,single,WGBS,human,bsf_samples
N697_14,N697_14_S33339,BSF_0404_HNH5WBBXX,5,NA,HiSeq_3000,50,single,WGBS,human,bsf_samples
N900_15B,N900_15B_S33340,BSF_0404_HNH5WBBXX,5,NA,HiSeq_3000,50,single,WGBS,human,bsf_samples
N836_09G2,N836_09G2_S33341,BSF_0404_HNH5WBBXX,5,NA,HiSeq_3000,50,single,WGBS,human,bsf_samples
N951_09B,N951_09B_S33342,BSF_0404_HNH5WBBXX,5,NA,HiSeq_3000,50,single,WGBS,human,bsf_samples
N1390_13C,N1390_13C_S33343,BSF_0404_HNH5WBBXX,5,NA,HiSeq_3000,50,single,WGBS,human,bsf_samples
N87_09B,N87_09B_S33344,BSF_0404_HNH5WBBXX,5,NA,HiSeq_3000,50,single,WGBS,human,bsf_samples
N1381_07,N1381_07_S33345,BSF_0404_HNH5WBBXX,5,NA,HiSeq_3000,50,single,WGBS,human,bsf_samples
N255_16,N255_16_S33346,BSF_0404_HNH5WBBXX,6,NA,HiSeq_3000,50,single,WGBS,human,bsf_samples
N570_16,N570_16_S33347,BSF_0404_HNH5WBBXX,6,NA,HiSeq_3000,50,single,WGBS,human,bsf_samples
N727_16,N727_16_S33348,BSF_0404_HNH5WBBXX,6,NA,HiSeq_3000,50,single,WGBS,human,bsf_samples
Graz_55_1,Graz_55_1_S33349,BSF_0404_HNH5WBBXX,6,NA,HiSeq_3000,50,single,WGBS,human,bsf_samples
N487_16,N487_16_S33350,BSF_0404_HNH5WBBXX,6,NA,HiSeq_3000,50,single,WGBS,human,bsf_samples
N592_15B,N592_15B_S33351,BSF_0404_HNH5WBBXX,6,NA,HiSeq_3000,50,single,WGBS,human,bsf_samples
N1767_06B,N1767_06B_S33352,BSF_0404_HNH5WBBXX,6,NA,HiSeq_3000,50,single,WGBS,human,bsf_samples
N2266_13,N2266_13_S33353,BSF_0404_HNH5WBBXX,6,NA,HiSeq_3000,50,single,WGBS,human,bsf_samples
N1261_10B,N1261_10B_S33354,BSF_0404_HNH5WBBXX,6,NA,HiSeq_3000,50,single,WGBS,human,bsf_samples
N144_06,N144_06_S33355,BSF_0404_HNH5WBBXX,6,NA,HiSeq_3000,50,single,WGBS,human,bsf_samples
N473_09,N473_09_S33356,BSF_0404_HNH5WBBXX,7,NA,HiSeq_3000,50,single,WGBS,human,bsf_samples
N1351_09B,N1351_09B_S33357,BSF_0404_HNH5WBBXX,7,NA,HiSeq_3000,50,single,WGBS,human,bsf_samples
N1336_14A,N1336_14A_S33358,BSF_0404_HNH5WBBXX,7,NA,HiSeq_3000,50,single,WGBS,human,bsf_samples
N1436_15,N1436_15_S33359,BSF_0404_HNH5WBBXX,7,NA,HiSeq_3000,50,single,WGBS,human,bsf_samples
N2012_14,N2012_14_S33360,BSF_0404_HNH5WBBXX,7,NA,HiSeq_3000,50,single,WGBS,human,bsf_samples
N2085_14B,N2085_14B_S33361,BSF_0404_HNH5WBBXX,7,NA,HiSeq_3000,50,single,WGBS,human,bsf_samples
N2395_15,N2395_15_S33362,BSF_0404_HNH5WBBXX,7,NA,HiSeq_3000,50,single,WGBS,human,bsf_samples
N834_13,N834_13_S33363,BSF_0404_HNH5WBBXX,7,NA,HiSeq_3000,50,single,WGBS,human,bsf_samples
N1722_10,N1722_10_S33364,BSF_0404_HNH5WBBXX,7,NA,HiSeq_3000,50,single,WGBS,human,bsf_samples
N296_09,N296_09_S33365,BSF_0404_HNH5WBBXX,7,NA,HiSeq_3000,50,single,WGBS,human,bsf_samples
N1582_06Z,N1582_06Z_S33366,BSF_0404_HNH5WBBXX,7,NA,HiSeq_3000,50,single,WGBS,human,bsf_samples
N1835_16,N1835_16_S33367,BSF_0404_HNH5WBBXX,8,NA,HiSeq_3000,50,single,WGBS,human,bsf_samples
N1581_09B,N1581_09B_S33368,BSF_0404_HNH5WBBXX,8,NA,HiSeq_3000,50,single,WGBS,human,bsf_samples
Graz_46_2,Graz_46_2_S33369,BSF_0404_HNH5WBBXX,8,NA,HiSeq_3000,50,single,WGBS,human,bsf_samples
Graz_52,Graz_52_S33370,BSF_0404_HNH5WBBXX,8,NA,HiSeq_3000,50,single,WGBS,human,bsf_samples
Graz_56_2,Graz_56_2_S33371,BSF_0404_HNH5WBBXX,8,NA,HiSeq_3000,50,single,WGBS,human,bsf_samples
N2242_15,N2242_15_S33372,BSF_0404_HNH5WBBXX,8,NA,HiSeq_3000,50,single,WGBS,human,bsf_samples
N337_13,N337_13_S33373,BSF_0404_HNH5WBBXX,8,NA,HiSeq_3000,50,single,WGBS,human,bsf_samples
N177_13,N177_13_S33374,BSF_0404_HNH5WBBXX,8,NA,HiSeq_3000,50,single,WGBS,human,bsf_samples
N30_13,N30_13_S33375,BSF_0404_HNH5WBBXX,8,NA,HiSeq_3000,50,single,WGBS,human,bsf_samples
N526_06,N526_06_S33376,BSF_0404_HNH5WBBXX,8,NA,HiSeq_3000,50,single,WGBS,human,bsf_samples
N960_06,N960_06_S33377,BSF_0404_HNH5WBBXX,8,NA,HiSeq_3000,50,single,WGBS,human,bsf_samples
N1298_16,N1298_16_S33378,BSF_0405_HNH5TBBXX,1,NA,HiSeq_3000,50,single,WGBS,human,bsf_samples
Graz_47,Graz_47_S33379,BSF_0405_HNH5TBBXX,1,NA,HiSeq_3000,50,single,WGBS,human,bsf_samples
Graz_49_2,Graz_49_2_S33380,BSF_0405_HNH5TBBXX,1,NA,HiSeq_3000,50,single,WGBS,human,bsf_samples
Graz_50_1,Graz_50_1_S33381,BSF_0405_HNH5TBBXX,1,NA,HiSeq_3000,50,single,WGBS,human,bsf_samples
Graz_51_1,Graz_51_1_S33382,BSF_0405_HNH5TBBXX,1,NA,HiSeq_3000,50,single,WGBS,human,bsf_samples
Graz_53,Graz_53_S33383,BSF_0405_HNH5TBBXX,1,NA,HiSeq_3000,50,single,WGBS,human,bsf_samples
Graz_54,Graz_54_S33384,BSF_0405_HNH5TBBXX,1,NA,HiSeq_3000,50,single,WGBS,human,bsf_samples
Graz_57,Graz_57_S33385,BSF_0405_HNH5TBBXX,1,NA,HiSeq_3000,50,single,WGBS,human,bsf_samples
N1583_07,N1583_07_S33386,BSF_0405_HNH5TBBXX,1,NA,HiSeq_3000,50,single,WGBS,human,bsf_samples
N579_12A,N579_12A_S33387,BSF_0405_HNH5TBBXX,1,NA,HiSeq_3000,50,single,WGBS,human,bsf_samples
N570_16_fv,N570_16_S33388,BSF_0405_HNH5TBBXX,2,NA,HiSeq_3000,50,single,WGBS,human,bsf_samples
N1543_14E_fv,N1543_14E_S33389,BSF_0405_HNH5TBBXX,2,NA,HiSeq_3000,50,single,WGBS,human,bsf_samples
N2085_14B_fv,N2085_14B_S33390,BSF_0405_HNH5TBBXX,2,NA,HiSeq_3000,50,single,WGBS,human,bsf_samples
N1541_14_fv,N1541_14_S33391,BSF_0405_HNH5TBBXX,2,NA,HiSeq_3000,50,single,WGBS,human,bsf_samples
N1436_15_fv,N1436_15_S33392,BSF_0405_HNH5TBBXX,2,NA,HiSeq_3000,50,single,WGBS,human,bsf_samples
N1383_14A_fv,N1383_14A_S33393,BSF_0405_HNH5TBBXX,2,NA,HiSeq_3000,50,single,WGBS,human,bsf_samples
N1160_15_fv,N1160_15_S33394,BSF_0405_HNH5TBBXX,2,NA,HiSeq_3000,50,single,WGBS,human,bsf_samples
N779_12_fv,N779_12_S33395,BSF_0405_HNH5TBBXX,2,NA,HiSeq_3000,50,single,WGBS,human,bsf_samples
N1883_14_fv,N1883_14_S33396,BSF_0405_HNH5TBBXX,2,NA,HiSeq_3000,50,single,WGBS,human,bsf_samples
N581_14A_fv,N581_14A_S33397,BSF_0405_HNH5TBBXX,2,NA,HiSeq_3000,50,single,WGBS,human,bsf_samples
N656_15_fv,N656_15_S33398,BSF_0405_HNH5TBBXX,2,NA,HiSeq_3000,50,single,WGBS,human,bsf_samples
N592_15_fv,N592_15_S33399,BSF_0405_HNH5TBBXX,3,NA,HiSeq_3000,50,single,WGBS,human,bsf_samples
N54_13_fv,N54_13_S33400,BSF_0405_HNH5TBBXX,3,NA,HiSeq_3000,50,single,WGBS,human,bsf_samples
N1672_14_fv,N1672_14_S33401,BSF_0405_HNH5TBBXX,3,NA,HiSeq_3000,50,single,WGBS,human,bsf_samples
N1835_16_fv,N1835_16_S33402,BSF_0405_HNH5TBBXX,3,NA,HiSeq_3000,50,single,WGBS,human,bsf_samples
N1298_16_fv,N1298_16_S33403,BSF_0405_HNH5TBBXX,3,NA,HiSeq_3000,50,single,WGBS,human,bsf_samples
N940_16_fv,N940_16_S33404,BSF_0405_HNH5TBBXX,3,NA,HiSeq_3000,50,single,WGBS,human,bsf_samples
N2207_13_fv,N2207_13_S33405,BSF_0405_HNH5TBBXX,3,NA,HiSeq_3000,50,single,WGBS,human,bsf_samples
N486_13_fv,N486_13_S33406,BSF_0405_HNH5TBBXX,3,NA,HiSeq_3000,50,single,WGBS,human,bsf_samples
N724_16_fv,N724_16_S33407,BSF_0405_HNH5TBBXX,3,NA,HiSeq_3000,50,single,WGBS,human,bsf_samples
N1020_10_fv,N1020_10_S33408,BSF_0405_HNH5TBBXX,3,NA,HiSeq_3000,50,single,WGBS,human,bsf_samples
N1154_13_fv,N1154_13_S33409,BSF_0405_HNH5TBBXX,3,NA,HiSeq_3000,50,single,WGBS,human,bsf_samples
N1917_12_fv,N1917_12_S33410,BSF_0405_HNH5TBBXX,4,NA,HiSeq_3000,50,single,WGBS,human,bsf_samples
N1575_12_fv,N1575_12_S33411,BSF_0405_HNH5TBBXX,4,NA,HiSeq_3000,50,single,WGBS,human,bsf_samples
N466_12A_fv,N466_12A_S33412,BSF_0405_HNH5TBBXX,4,NA,HiSeq_3000,50,single,WGBS,human,bsf_samples
N560_12_fv,N560_12_S33413,BSF_0405_HNH5TBBXX,4,NA,HiSeq_3000,50,single,WGBS,human,bsf_samples
N1196_13_fv,N1196_13_S33414,BSF_0405_HNH5TBBXX,4,NA,HiSeq_3000,50,single,WGBS,human,bsf_samples
N2613_14_fv,N2613_14_S33415,BSF_0405_HNH5TBBXX,4,NA,HiSeq_3000,50,single,WGBS,human,bsf_samples
N177_13_fv,N177_13_S33416,BSF_0405_HNH5TBBXX,4,NA,HiSeq_3000,50,single,WGBS,human,bsf_samples
N1390_13_fv,N1390_13_S33417,BSF_0405_HNH5TBBXX,4,NA,HiSeq_3000,50,single,WGBS,human,bsf_samples
N579_12_fv,N579_12_S33418,BSF_0405_HNH5TBBXX,4,NA,HiSeq_3000,50,single,WGBS,human,bsf_samples
N255_16_fv,N255_16_S33419,BSF_0405_HNH5TBBXX,4,NA,HiSeq_3000,50,single,WGBS,human,bsf_samples
N1290_12_fv,N1290_12_S33420,BSF_0405_HNH5TBBXX,4,NA,HiSeq_3000,50,single,WGBS,human,bsf_samples
N337_13_fv,N337_13_S33421,BSF_0405_HNH5TBBXX,5,NA,HiSeq_3000,50,single,WGBS,human,bsf_samples
N879_12_fv,N879_12_S33422,BSF_0405_HNH5TBBXX,5,NA,HiSeq_3000,50,single,WGBS,human,bsf_samples
N2712_15_fv,N2712_15_S33423,BSF_0405_HNH5TBBXX,5,NA,HiSeq_3000,50,single,WGBS,human,bsf_samples
N834_13_fv,N834_13_S33424,BSF_0405_HNH5TBBXX,5,NA,HiSeq_3000,50,single,WGBS,human,bsf_samples
N654_12_fv,N654_12_S33425,BSF_0405_HNH5TBBXX,5,NA,HiSeq_3000,50,single,WGBS,human,bsf_samples
N922_12_fv,N922_12_S33426,BSF_0405_HNH5TBBXX,5,NA,HiSeq_3000,50,single,WGBS,human,bsf_samples
N2611_14_fv,N2611_14_S33427,BSF_0405_HNH5TBBXX,5,NA,HiSeq_3000,50,single,WGBS,human,bsf_samples
N838_13_fv,N838_13_S33428,BSF_0405_HNH5TBBXX,5,NA,HiSeq_3000,50,single,WGBS,human,bsf_samples
N1934_14_fv,N1934_14_S33429,BSF_0405_HNH5TBBXX,5,NA,HiSeq_3000,50,single,WGBS,human,bsf_samples
N541_15_fv,N541_15_S33430,BSF_0405_HNH5TBBXX,5,NA,HiSeq_3000,50,single,WGBS,human,bsf_samples
N1164_14_fv,N1164_14_S33431,BSF_0405_HNH5TBBXX,5,NA,HiSeq_3000,50,single,WGBS,human,bsf_samples
N523_15A,N523_15A_S32022,BSF_0390_HMVYNBBXX,3,NA,HiSeq_3000,50,single,WGBS,human,bsf_samples
N2701_15,N2701_15_S32023,BSF_0390_HMVYNBBXX,3,NA,HiSeq_3000,50,single,WGBS,human,bsf_samples
N358_14C,N358_14C_S32024,BSF_0390_HMVYNBBXX,3,NA,HiSeq_3000,50,single,WGBS,human,bsf_samples
N1613_14B,N1613_14B_S32025,BSF_0390_HMVYNBBXX,3,NA,HiSeq_3000,50,single,WGBS,human,bsf_samples
N863_14A,N863_14A_S32026,BSF_0390_HMVYNBBXX,3,NA,HiSeq_3000,50,single,WGBS,human,bsf_samples
N1073_14D,N1073_14D_S32027,BSF_0390_HMVYNBBXX,3,NA,HiSeq_3000,50,single,WGBS,human,bsf_samples
N1071_14D,N1071_14D_S32028,BSF_0390_HMVYNBBXX,3,NA,HiSeq_3000,50,single,WGBS,human,bsf_samples
N2496_14D,N2496_14D_S32029,BSF_0390_HMVYNBBXX,3,NA,HiSeq_3000,50,single,WGBS,human,bsf_samples
N2147_17,N2147_17_S32030,BSF_0390_HMVYNBBXX,3,NA,HiSeq_3000,50,single,WGBS,human,bsf_samples
N1625_11,N1625_11_S32041,BSF_0390_HMVYNBBXX,4,NA,HiSeq_3000,50,single,WGBS,human,bsf_samples
N276_15B,N276_15B_S32042,BSF_0390_HMVYNBBXX,4,NA,HiSeq_3000,50,single,WGBS,human,bsf_samples
N870_14C,N870_14C_S32043,BSF_0390_HMVYNBBXX,4,NA,HiSeq_3000,50,single,WGBS,human,bsf_samples
N915_15,N915_15_S32044,BSF_0390_HMVYNBBXX,4,NA,HiSeq_3000,50,single,WGBS,human,bsf_samples
N667_14F,N667_14F_S32045,BSF_0390_HMVYNBBXX,4,NA,HiSeq_3000,50,single,WGBS,human,bsf_samples
N86_14E,N86_14E_S32046,BSF_0390_HMVYNBBXX,4,NA,HiSeq_3000,50,single,WGBS,human,bsf_samples
N211_15D,N211_15D_S32047,BSF_0390_HMVYNBBXX,4,NA,HiSeq_3000,50,single,WGBS,human,bsf_samples
N398_15D,N398_15D_S32048,BSF_0390_HMVYNBBXX,4,NA,HiSeq_3000,50,single,WGBS,human,bsf_samples
N1963_14B,N1963_14B_S32049,BSF_0390_HMVYNBBXX,4,NA,HiSeq_3000,50,single,WGBS,human,bsf_samples
N1198_08,N1198_08_S32050,BSF_0390_HMVYNBBXX,5,NA,HiSeq_3000,50,single,WGBS,human,bsf_samples
N1222_10C,N1222_10C_S32051,BSF_0390_HMVYNBBXX,5,NA,HiSeq_3000,50,single,WGBS,human,bsf_samples
N1281_11,N1281_11_S32052,BSF_0390_HMVYNBBXX,5,NA,HiSeq_3000,50,single,WGBS,human,bsf_samples
N1371_10,N1371_10_S32053,BSF_0390_HMVYNBBXX,5,NA,HiSeq_3000,50,single,WGBS,human,bsf_samples
N828_15A,N828_15A_S32054,BSF_0390_HMVYNBBXX,5,NA,HiSeq_3000,50,single,WGBS,human,bsf_samples
N1275_15B,N1275_15B_S32055,BSF_0390_HMVYNBBXX,5,NA,HiSeq_3000,50,single,WGBS,human,bsf_samples
N2155_17,N2155_17_S32056,BSF_0390_HMVYNBBXX,5,NA,HiSeq_3000,50,single,WGBS,human,bsf_samples
N2156_17,N2156_17_S32057,BSF_0390_HMVYNBBXX,5,NA,HiSeq_3000,50,single,WGBS,human,bsf_samples
N2165_17,N2165_17_S32058,BSF_0390_HMVYNBBXX,5,NA,HiSeq_3000,50,single,WGBS,human,bsf_samples
N1028_11,N1028_11_S32059,BSF_0390_HMVYNBBXX,6,NA,HiSeq_3000,50,single,WGBS,human,bsf_samples
N1176_10,N1176_10_S32060,BSF_0390_HMVYNBBXX,6,NA,HiSeq_3000,50,single,WGBS,human,bsf_samples
N1563_11,N1563_11_S32061,BSF_0390_HMVYNBBXX,6,NA,HiSeq_3000,50,single,WGBS,human,bsf_samples
N1569_15B,N1569_15B_S32062,BSF_0390_HMVYNBBXX,6,NA,HiSeq_3000,50,single,WGBS,human,bsf_samples
N234_14C,N234_14C_S32063,BSF_0390_HMVYNBBXX,6,NA,HiSeq_3000,50,single,WGBS,human,bsf_samples
N2714_14B,N2714_14B_S32064,BSF_0390_HMVYNBBXX,6,NA,HiSeq_3000,50,single,WGBS,human,bsf_samples
N2151_17,N2151_17_S32065,BSF_0390_HMVYNBBXX,6,NA,HiSeq_3000,50,single,WGBS,human,bsf_samples
N2154_17,N2154_17_S32066,BSF_0390_HMVYNBBXX,6,NA,HiSeq_3000,50,single,WGBS,human,bsf_samples
N2177_17,N2177_17_S32067,BSF_0390_HMVYNBBXX,6,NA,HiSeq_3000,50,single,WGBS,human,bsf_samples
N1381_12,N1381_12_S32068,BSF_0390_HMVYNBBXX,7,NA,HiSeq_3000,50,single,WGBS,human,bsf_samples
N1120_11,N1120_11_S32069,BSF_0390_HMVYNBBXX,7,NA,HiSeq_3000,50,single,WGBS,human,bsf_samples
N1056_11,N1056_11_S32070,BSF_0390_HMVYNBBXX,7,NA,HiSeq_3000,50,single,WGBS,human,bsf_samples
N1020_09A,N1020_09A_S32071,BSF_0390_HMVYNBBXX,7,NA,HiSeq_3000,50,single,WGBS,human,bsf_samples
N2161_17,N2161_17_S32072,BSF_0390_HMVYNBBXX,7,NA,HiSeq_3000,50,single,WGBS,human,bsf_samples
N2162_17,N2162_17_S32073,BSF_0390_HMVYNBBXX,7,NA,HiSeq_3000,50,single,WGBS,human,bsf_samples
N2138_17,N2138_17_S32074,BSF_0390_HMVYNBBXX,7,NA,HiSeq_3000,50,single,WGBS,human,bsf_samples
N1522_14A,N1522_14A_S32075,BSF_0390_HMVYNBBXX,7,NA,HiSeq_3000,50,single,WGBS,human,bsf_samples
N2044_14,N2044_14_S32076,BSF_0390_HMVYNBBXX,7,NA,HiSeq_3000,50,single,WGBS,human,bsf_samples
Graz_22,Graz_22_S32077,BSF_0390_HMVYNBBXX,7,NA,HiSeq_3000,50,single,WGBS,human,bsf_samples
N1555_14C,N1555_14C_S32078,BSF_0390_HMVYNBBXX,8,NA,HiSeq_3000,50,single,WGBS,human,bsf_samples
N2153_17,N2153_17_S32079,BSF_0390_HMVYNBBXX,8,NA,HiSeq_3000,50,single,WGBS,human,bsf_samples
N2163_17,N2163_17_S32080,BSF_0390_HMVYNBBXX,8,NA,HiSeq_3000,50,single,WGBS,human,bsf_samples
N2164_17,N2164_17_S32081,BSF_0390_HMVYNBBXX,8,NA,HiSeq_3000,50,single,WGBS,human,bsf_samples
N2174_17,N2174_17_S32082,BSF_0390_HMVYNBBXX,8,NA,HiSeq_3000,50,single,WGBS,human,bsf_samples
N2600_14A,N2600_14A_S32083,BSF_0390_HMVYNBBXX,8,NA,HiSeq_3000,50,single,WGBS,human,bsf_samples
N2140_17,N2140_17_S32084,BSF_0390_HMVYNBBXX,8,NA,HiSeq_3000,50,single,WGBS,human,bsf_samples
N2145_17,N2145_17_S32085,BSF_0390_HMVYNBBXX,8,NA,HiSeq_3000,50,single,WGBS,human,bsf_samples
Graz_21_1,Graz_21_1_S32086,BSF_0390_HMVYNBBXX,8,NA,HiSeq_3000,50,single,WGBS,human,bsf_samples
Graz_37_1,Graz_37_1_S32087,BSF_0390_HMVYNBBXX,8,NA,HiSeq_3000,50,single,WGBS,human,bsf_samples
N472_10,N472_10_S32088,BSF_0393_HN5YCBBXX,1,NA,HiSeq_3000,50,single,WGBS,human,bsf_samples
N1388_10,N1388_10_S32089,BSF_0393_HN5YCBBXX,1,NA,HiSeq_3000,50,single,WGBS,human,bsf_samples
N1956_12,N1956_12_S32090,BSF_0393_HN5YCBBXX,1,NA,HiSeq_3000,50,single,WGBS,human,bsf_samples
N690_08,N690_08_S32091,BSF_0393_HN5YCBBXX,1,NA,HiSeq_3000,50,single,WGBS,human,bsf_samples
N2148_17,N2148_17_S32092,BSF_0393_HN5YCBBXX,1,NA,HiSeq_3000,50,single,WGBS,human,bsf_samples
N2139_17A,N2139_17A_S32093,BSF_0393_HN5YCBBXX,1,NA,HiSeq_3000,50,single,WGBS,human,bsf_samples
N2144_17,N2144_17_S32094,BSF_0393_HN5YCBBXX,1,NA,HiSeq_3000,50,single,WGBS,human,bsf_samples
Graz_38_2,Graz_38_2_S32095,BSF_0393_HN5YCBBXX,1,NA,HiSeq_3000,50,single,WGBS,human,bsf_samples
Graz_41,Graz_41_S32096,BSF_0393_HN5YCBBXX,1,NA,HiSeq_3000,50,single,WGBS,human,bsf_samples
Graz_42,Graz_42_S32097,BSF_0393_HN5YCBBXX,1,NA,HiSeq_3000,50,single,WGBS,human,bsf_samples
N2146_17,N2146_17_S32098,BSF_0393_HN5YCBBXX,2,NA,HiSeq_3000,50,single,WGBS,human,bsf_samples
N2149_17,N2149_17_S32099,BSF_0393_HN5YCBBXX,2,NA,HiSeq_3000,50,single,WGBS,human,bsf_samples
N2160_17,N2160_17_S32100,BSF_0393_HN5YCBBXX,2,NA,HiSeq_3000,50,single,WGBS,human,bsf_samples
N2171_17,N2171_17_S32101,BSF_0393_HN5YCBBXX,2,NA,HiSeq_3000,50,single,WGBS,human,bsf_samples
N2172_17,N2172_17_S32102,BSF_0393_HN5YCBBXX,2,NA,HiSeq_3000,50,single,WGBS,human,bsf_samples
N2175_17,N2175_17_S32103,BSF_0393_HN5YCBBXX,2,NA,HiSeq_3000,50,single,WGBS,human,bsf_samples
N2507_14,N2507_14_S32104,BSF_0393_HN5YCBBXX,2,NA,HiSeq_3000,50,single,WGBS,human,bsf_samples
Graz_23_4,Graz_23_4_S32105,BSF_0393_HN5YCBBXX,2,NA,HiSeq_3000,50,single,WGBS,human,bsf_samples
Graz_25_1,Graz_25_1_S32106,BSF_0393_HN5YCBBXX,2,NA,HiSeq_3000,50,single,WGBS,human,bsf_samples
Graz_39_2,Graz_39_2_S32107,BSF_0393_HN5YCBBXX,2,NA,HiSeq_3000,50,single,WGBS,human,bsf_samples
N2152_17,N2152_17_S32108,BSF_0393_HN5YCBBXX,3,NA,HiSeq_3000,50,single,WGBS,human,bsf_samples
N2158_17,N2158_17_S32109,BSF_0393_HN5YCBBXX,3,NA,HiSeq_3000,50,single,WGBS,human,bsf_samples
N2170_17,N2170_17_S32110,BSF_0393_HN5YCBBXX,3,NA,HiSeq_3000,50,single,WGBS,human,bsf_samples
N2176_17,N2176_17_S32111,BSF_0393_HN5YCBBXX,3,NA,HiSeq_3000,50,single,WGBS,human,bsf_samples
N2141_17,N2141_17_S32112,BSF_0393_HN5YCBBXX,3,NA,HiSeq_3000,50,single,WGBS,human,bsf_samples
N2142_17,N2142_17_S32113,BSF_0393_HN5YCBBXX,3,NA,HiSeq_3000,50,single,WGBS,human,bsf_samples
N2143_17,N2143_17_S32114,BSF_0393_HN5YCBBXX,3,NA,HiSeq_3000,50,single,WGBS,human,bsf_samples
Graz_34,Graz_34_S32115,BSF_0393_HN5YCBBXX,3,NA,HiSeq_3000,50,single,WGBS,human,bsf_samples
Graz_35_3,Graz_35_3_S32116,BSF_0393_HN5YCBBXX,3,NA,HiSeq_3000,50,single,WGBS,human,bsf_samples
Graz_36,Graz_36_S32117,BSF_0393_HN5YCBBXX,3,NA,HiSeq_3000,50,single,WGBS,human,bsf_samples
N2157_17,N2157_17_S32031,BSF_0393_HN5YCBBXX,4,NA,HiSeq_3000,50,single,WGBS,human,bsf_samples
N2159_17,N2159_17_S32032,BSF_0393_HN5YCBBXX,4,NA,HiSeq_3000,50,single,WGBS,human,bsf_samples
N2358_14,N2358_14_S32033,BSF_0393_HN5YCBBXX,4,NA,HiSeq_3000,50,single,WGBS,human,bsf_samples
Graz_26_1,Graz_26_1_S32034,BSF_0393_HN5YCBBXX,4,NA,HiSeq_3000,50,single,WGBS,human,bsf_samples
Graz_27,Graz_27_S32035,BSF_0393_HN5YCBBXX,4,NA,HiSeq_3000,50,single,WGBS,human,bsf_samples
Graz_30,Graz_30_S32036,BSF_0393_HN5YCBBXX,4,NA,HiSeq_3000,50,single,WGBS,human,bsf_samples
Graz_31_2,Graz_31_2_S32037,BSF_0393_HN5YCBBXX,4,NA,HiSeq_3000,50,single,WGBS,human,bsf_samples
Graz_32_2,Graz_32_2_S32038,BSF_0393_HN5YCBBXX,4,NA,HiSeq_3000,50,single,WGBS,human,bsf_samples
Graz_33_4,Graz_33_4_S32039,BSF_0393_HN5YCBBXX,4,NA,HiSeq_3000,50,single,WGBS,human,bsf_samples
Graz_45,Graz_45_S32040,BSF_0393_HN5YCBBXX,4,NA,HiSeq_3000,50,single,WGBS,human,bsf_samples
N1024_15B,N1024_15B_S33281,BSF_0403_HN7NLBBXX,6,NA,HiSeq_3000,50,single,WGBS,human,bsf_samples
N1160_15,N1160_15_S33282,BSF_0403_HN7NLBBXX,6,NA,HiSeq_3000,50,single,WGBS,human,bsf_samples
N1491_15,N1491_15_S33283,BSF_0403_HN7NLBBXX,6,NA,HiSeq_3000,50,single,WGBS,human,bsf_samples
N1543_14E,N1543_14E_S33284,BSF_0403_HN7NLBBXX,6,NA,HiSeq_3000,50,single,WGBS,human,bsf_samples
N1021_08G1,N1021_08G1_S33285,BSF_0403_HN7NLBBXX,6,NA,HiSeq_3000,50,single,WGBS,human,bsf_samples
N586_12,N586_12_S33286,BSF_0403_HN7NLBBXX,6,NA,HiSeq_3000,50,single,WGBS,human,bsf_samples
N560_12C,N560_12C_S33287,BSF_0403_HN7NLBBXX,6,NA,HiSeq_3000,50,single,WGBS,human,bsf_samples
N922_12A,N922_12A_S33288,BSF_0403_HN7NLBBXX,6,NA,HiSeq_3000,50,single,WGBS,human,bsf_samples
N2699_14B,N2699_14B_S33289,BSF_0403_HN7NLBBXX,6,NA,HiSeq_3000,50,single,WGBS,human,bsf_samples
N940_16,N940_16_S33290,BSF_0403_HN7NLBBXX,7,NA,HiSeq_3000,50,single,WGBS,human,bsf_samples
N268_09,N268_09_S33291,BSF_0403_HN7NLBBXX,7,NA,HiSeq_3000,50,single,WGBS,human,bsf_samples
N1236_14A,N1236_14A_S33292,BSF_0403_HN7NLBBXX,7,NA,HiSeq_3000,50,single,WGBS,human,bsf_samples
N1576_15,N1576_15_S33293,BSF_0403_HN7NLBBXX,7,NA,HiSeq_3000,50,single,WGBS,human,bsf_samples
N541_15,N541_15_S33294,BSF_0403_HN7NLBBXX,7,NA,HiSeq_3000,50,single,WGBS,human,bsf_samples
N540_09A,N540_09A_S33295,BSF_0403_HN7NLBBXX,7,NA,HiSeq_3000,50,single,WGBS,human,bsf_samples
N324_08,N324_08_S33296,BSF_0403_HN7NLBBXX,7,NA,HiSeq_3000,50,single,WGBS,human,bsf_samples
N1173_07,N1173_07_S33297,BSF_0403_HN7NLBBXX,7,NA,HiSeq_3000,50,single,WGBS,human,bsf_samples
N831_11,N831_11_S33298,BSF_0403_HN7NLBBXX,7,NA,HiSeq_3000,50,single,WGBS,human,bsf_samples
N1383_14A,N1383_14A_S33299,BSF_0403_HN7NLBBXX,8,NA,HiSeq_3000,50,single,WGBS,human,bsf_samples
N1883_14,N1883_14_S33300,BSF_0403_HN7NLBBXX,8,NA,HiSeq_3000,50,single,WGBS,human,bsf_samples
N1043_09,N1043_09_S33301,BSF_0403_HN7NLBBXX,8,NA,HiSeq_3000,50,single,WGBS,human,bsf_samples
N892_10,N892_10_S33302,BSF_0403_HN7NLBBXX,8,NA,HiSeq_3000,50,single,WGBS,human,bsf_samples
N1509_08,N1509_08_S33303,BSF_0403_HN7NLBBXX,8,NA,HiSeq_3000,50,single,WGBS,human,bsf_samples
N724_07,N724_07_S33304,BSF_0403_HN7NLBBXX,8,NA,HiSeq_3000,50,single,WGBS,human,bsf_samples
N1248_06,N1248_06_S33305,BSF_0403_HN7NLBBXX,8,NA,HiSeq_3000,50,single,WGBS,human,bsf_samples
N435_06,N435_06_S33306,BSF_0403_HN7NLBBXX,8,NA,HiSeq_3000,50,single,WGBS,human,bsf_samples
N7_11,N7_11_S33307,BSF_0403_HN7NLBBXX,8,NA,HiSeq_3000,50,single,WGBS,human,bsf_samples
