plate position;N_number;sample;inputDNA;ProtocolVersion;adapter;Ct_postLigation;dCt;volumePool;pool;Ct_postConversion;enrichmentCycles;flowcell;flowcell_repeat
A12;M1211-15;M1211-15;6.38;RRBS Library Preparation 2014-12-12.pdf;TruSeq LT Index 12;17.835;0;15;5;19.33;17;212;
F10;N1020-10_f;N1020-10 – Frozen – DNA;100;RRBS Library Preparation 2014-12-12.pdf;TruSeq LT Index 23;9.185;0.285;13.13186574;1;13.38;11;215;
H04;N1020-10_tr3;N1020-10_test run 3;100;RRBS Library Preparation 2014-12-12.pdf;TruSeq LT Index 16;17.4;0.33;12.72858374;7;20.06;18;215;
A04;N1025-10;N1025-10_AdelheidWoehrer;100;RRBS Library Preparation 2014-12-12.pdf;TruSeq LT Index 4;12.1;2.175;3.321628197;2;17.27;15.27;196;198
E09;N1059-07A;N1059-07A_Glioblastoma;100;RRBS Library Preparation 2014-12-12.pdf;TruSeq LT Index 9;14.51;0.555;10.20985587;4;16.5;15;202;
A07;N1-08;N1-08_AdelheidWoehrer;100;RRBS Library Preparation 2014-12-12.pdf;TruSeq LT Index 7;11.495;2.18;3.310136236;1;15.78;13.78;196;198
E10;N1096-14 B;N1096-14 B;100;RRBS Library Preparation 2014-12-12.pdf;TruSeq LT Index 10;13.62;0.84;8.379653536;1;17.06;15;212;
F01;N1106-05;N1106-05_Glioblastoma;100;AK09 pool 8 new barcodes;TruSeq LT Index 13;13.96;0;15;7a;17.11;15;210;
A05;N1109-10;N1109-10_AdelheidWoehrer;100;RRBS Library Preparation 2014-12-12.pdf;TruSeq LT Index 5;16.07;0.905;8.01049056;4;19.81;17.81;198;
G02;N1131-12_f;N1131-12 – Frozen – DNA;100;RRBS Library Preparation 2014-12-12.pdf;TruSeq LT Index 2;9.47;0;16;1;13.38;11;215;
C07;N1132-12B;N1132-12B_Glioblastoma;100;RRBS Library Preparation 2014-12-12.pdf;TruSeq LT Index 7;15.45;0.37;11.60673745;5;17.52;16;202;
C09;N1135-15F;N1135-15F;100;RRBS Library Preparation 2014-12-12.pdf;TruSeq LT Index 9;15.14;0.22;13.73704698;4;17.48;15;215;
C02;N115-14;N115-14;100;RRBS Library Preparation 2014-12-12.pdf;TruSeq LT Index 2;17.705;0.025;15.72512958;7;20.06;18;215;
G07;N1154/55-13_f;N1154/55-13 – Frozen – DNA;100;RRBS Library Preparation 2014-12-12.pdf;TruSeq LT Index 7;8.915;0.555;10.89051293;1;13.38;11;215;
D02;N1154-13;N1154-13_Glioblastoma;24.64;RRBS Library Preparation 2014-12-12.pdf;TruSeq LT Index 14;16.29;0.12;13.80281476;6;17.25;15;202;
E01;N1161-06;N1161-06_Glioblastoma;85.8;RRBS Library Preparation 2014-12-12.pdf;TruSeq LT Index 1;16.17;2.2;3.264564612;7;18.63;17;202;
D04;N1165-14A;N1165-14A_Glioblastoma;100;RRBS Library Preparation 2014-12-12.pdf;TruSeq LT Index 16;16.41;0;15;6;17.25;15;202;
A01;N1168-05A;N1168-05A_AdelheidWoehrer;100;RRBS Library Preparation 2014-12-12.pdf;TruSeq LT Index 1;15.6;1.375;5.783290595;4;19.81;17.81;198;
G12;N1180-10B_tr3;N1180-10B_test run 3/N1180-10B_tr3 new sample name ;100;RRBS Library Preparation 2014-12-12.pdf;TruSeq LT Index 12;14.91;0.45;11.71268557;4;17.48;15;215;
G11;N1180-15;N1180-15_Glioblastoma;100;RRBS Library Preparation 2014-12-12.pdf;TruSeq LT Index 11;20.005;1.2;6.529129225;9;22.32;20;210;
G12;N1181-15;N1181-15_Glioblastoma;100;RRBS Library Preparation 2014-12-12.pdf;TruSeq LT Index 12;15.905;0;15;7b;18.1;16;210;
H01;N1182-15;N1182-15_Glioblastoma;52.36;RRBS Library Preparation 2014-12-12.pdf;TruSeq LT Index 13;16.485;1.42;5.605684682;8;19.78;18;210;
H02;N1186-15;N1186-15_Glioblastoma;100;RRBS Library Preparation 2014-12-12.pdf;TruSeq LT Index 14;15.5;2.405;2.832136098;8;19.78;18;210;
H03;N1187-15;N1187-15_Glioblastoma;100;RRBS Library Preparation 2014-12-12.pdf;TruSeq LT Index 15;18.025;3.18;1.655068118;9;22.32;20;210;
H04;N1188-15;N1188-15_Glioblastoma;100;RRBS Library Preparation 2014-12-12.pdf;TruSeq LT Index 16;15.885;0.02;14.79349057;7b;18.1;16;210;
H05;N1189-15A;N1189-15A_Glioblastoma;5.236;RRBS Library Preparation 2014-12-12.pdf;TruSeq LT Index 18;20.115;1.09;7.046420619;9;22.32;20;210;
H06;N1190-15;N1190-15_Glioblastoma;100;RRBS Library Preparation 2014-12-12.pdf;TruSeq LT Index 19;17.45;0.455;10.94265258;8;19.78;18;210;
A01;N1191-15;N1191-15;51.92;RRBS Library Preparation 2014-12-12.pdf;TruSeq LT Index 1;17.235;0.6;9.896309331;5;19.33;17;212;
A02;N1192-15;N1192-15;21.428;RRBS Library Preparation 2014-12-12.pdf;TruSeq LT Index 2;17.145;0.245;12.65723694;4;18.33;16;212;
D08;N1195-13 A;N1195-13 A;31.24;RRBS Library Preparation 2014-12-12.pdf;TruSeq LT Index 21;18.395;2.785;2.321407829;9;22.75;21;216;
A03;N1195-15;N1195-15;6.556;RRBS Library Preparation 2014-12-12.pdf;TruSeq LT Index 3;18.105;1.345;5.904809824;6;20.8;19;212;
A04;N1196-15;N1196-15;100;RRBS Library Preparation 2014-12-12.pdf;TruSeq LT Index 4;13.745;1.605;4.931035351;2;16.94;15;212;
B01;N1197-15;N1197-15_AdelheidWoehrer;100;RRBS Library Preparation 2014-12-12.pdf;TruSeq LT Index 13;13.575;0.7;9.2335831;2;17.27;15.27;196;198
B02;N1198-15;N1198-15_AdelheidWoehrer;100;RRBS Library Preparation 2014-12-12.pdf;TruSeq LT Index 14;15.38;0.145;13.56569066;3;18.05;16.05;198;
E01;N1199-15 BIII;N1199-15 BIII;36.3;RRBS Library Preparation 2014-12-12.pdf;TruSeq LT Index 1;17.055;0.675;10.02131551;7;20.06;18;215;
B10;N1199-15B;N1199-15B_AdelheidWoehrer;100;RRBS Library Preparation 2014-12-12.pdf;TruSeq LT Index 23;14.27;0.005;14.94810394;2;17.27;15.27;196;198
D11;N1199-15B I;N1199-15B I;22.88;RRBS Library Preparation 2014-12-12.pdf;TruSeq LT Index 25;18.345;2.67;2.514026749;8;22.67;21;216;
D12;N1199-15B II;N1199-15B II;29.48;RRBS Library Preparation 2014-12-12.pdf;TruSeq LT Index 27;16.99;0;16;6a;18.79;17;215;
B11;N1200-15;N1200-15_AdelheidWoehrer;100;RRBS Library Preparation 2014-12-12.pdf;TruSeq LT Index 25;15.525;0;15;3;18.05;16.05;198;
E02;N1200-15 I;N1200-15 I;100;RRBS Library Preparation 2014-12-12.pdf;TruSeq LT Index 2;18.19;2.825;2.25792881;8;22.67;21;216;
E03;N1200-15 II;N1200-15 II;17.16;RRBS Library Preparation 2014-12-12.pdf;TruSeq LT Index 3;17.36;0.37;12.38051995;7;20.06;18;215;
E04;N1200-15 III;N1200-15 III;61.6;RRBS Library Preparation 2014-12-12.pdf;TruSeq LT Index 4;15.545;0.685;9.952093226;5;18.83;17;215;
B12;N1201-15;N1201-15_AdelheidWoehrer;100;RRBS Library Preparation 2014-12-12.pdf;TruSeq LT Index 27;15.27;0.255;12.56980702;3;18.05;16.05;198;
E05;N1201-15 I;N1201-15 I;100;RRBS Library Preparation 2014-12-12.pdf;TruSeq LT Index 5;16.105;0.125;14.67206469;5;18.83;17;215;
E06;N1201-15 II;N1201-15 II;30.58;RRBS Library Preparation 2014-12-12.pdf;TruSeq LT Index 6;17.51;0.22;13.73704698;7;20.06;18;215;
E07;N1201-15 III;N1201-15 III;100;RRBS Library Preparation 2014-12-12.pdf;TruSeq LT Index 7;13.815;1.105;7.438439541;3;17.9;16;215;
A09;N1202-15;N1202-15_AdelheidWoehrer;100;RRBS Library Preparation 2014-12-12.pdf;TruSeq LT Index 9;15.995;0.98;7.604696098;4;19.81;17.81;198;
A10;N1203-15;N1203-15_AdelheidWoehrer;100;RRBS Library Preparation 2014-12-12.pdf;TruSeq LT Index 10;19.865;0;15;6;21.74;19.74;198;
A05;N1204-15;N1204-15;100;RRBS Library Preparation 2014-12-12.pdf;TruSeq LT Index 5;18.135;1.315;6.028882431;6;20.8;19;212;
A06;N1205-15;N1205-15;100;RRBS Library Preparation 2014-12-12.pdf;TruSeq LT Index 6;15.675;0.59;9.965143606;3;17.81;16;212;
A07;N1206-15;N1206-15;100;RRBS Library Preparation 2014-12-12.pdf;TruSeq LT Index 7;13.825;1.525;5.212193324;2;16.94;15;212;
A08;N1207-15;N1207-15;59.4;RRBS Library Preparation 2014-12-12.pdf;TruSeq LT Index 8;18.45;1;7.5;6;20.8;19;212;
A09;N1208-15 B;N1208-15 B;100;RRBS Library Preparation 2014-12-12.pdf;TruSeq LT Index 9;16.265;0;15;3;17.81;16;212;
A10;N1209-15;N1209-15;100;RRBS Library Preparation 2014-12-12.pdf;TruSeq LT Index 10;14.115;1.235;6.372637494;2;16.94;15;212;
A11;N1210-15 B;N1210-15 B;100;RRBS Library Preparation 2014-12-12.pdf;TruSeq LT Index 11;12.98;1.48;5.37733218;1;17.06;15;212;
B01;N1212-15;N1212-15;9.196;RRBS Library Preparation 2014-12-12.pdf;TruSeq LT Index 13;17.41;0.425;11.17258097;5;19.33;17;212;
B02;N1213-15;N1213-15;10.032;RRBS Library Preparation 2014-12-12.pdf;TruSeq LT Index 14;18.49;0.96;7.7108537;6;20.8;19;212;
C01;N1218-15;N1218-15_AdelheidWoehrer;100;RRBS Library Preparation 2014-12-12.pdf;TruSeq LT Index 1;14.185;0.09;14.09284124;2;17.27;15.27;196;198
E08;N1218-15 I;N1218-15 I;1.98;RRBS Library Preparation 2014-12-12.pdf;TruSeq LT Index 8;18.16;2.855;2.211461307;8;22.67;21;216;
E09;N1218-15 II;N1218-15 II;100;RRBS Library Preparation 2014-12-12.pdf;TruSeq LT Index 9;15.43;0.8;9.18958684;5;18.83;17;215;
E10;N1218-15 III;N1218-15 III;74.8;RRBS Library Preparation 2014-12-12.pdf;TruSeq LT Index 10;15.255;0.105;14.87687908;4;17.48;15;215;
C02;N1219-15;N1219-15_AdelheidWoehrer;100;RRBS Library Preparation 2014-12-12.pdf;TruSeq LT Index 2;13.675;0;15;1;15.78;13.78;196;198
E11;N1219-15 I;N1219-15 I;100;RRBS Library Preparation 2014-12-12.pdf;TruSeq LT Index 11;13.71;1.21;6.91629785;3;17.9;16;215;
E12;N1219-15 II;N1219-15 II;69.52;RRBS Library Preparation 2014-12-12.pdf;TruSeq LT Index 12;17.935;3.08;1.892115293;8;22.67;21;216;
A01;N1220-15;N1220-15_Glioblastoma;100;RRBS Library Preparation 2014-12-12.pdf;TruSeq LT Index 1;15.16;0.66;9.493174455;5;17.52;16;202;
F01;N1220-15 I;N1220-15 I;100;RRBS Library Preparation 2014-12-12.pdf;TruSeq LT Index 13;14.995;0.365;12.423502;4;17.48;15;215;
F02;N1220-15 II;N1220-15 II;25.08;RRBS Library Preparation 2014-12-12.pdf;TruSeq LT Index 14;18.93;2.25;3.363585661;9;22.75;21;216;
F03;N1220-15 III;N1220-15 III;100;RRBS Library Preparation 2014-12-12.pdf;TruSeq LT Index 15;19.93;1.25;6.727171322;9;22.75;21;216;
B08;N1221-15;N1221-15_AdelheidWoehrer;100;RRBS Library Preparation 2014-12-12.pdf;TruSeq LT Index 21;13.33;0.345;11.80961965;1;15.78;13.78;196;198
B09;N1222-15;N1222-15_AdelheidWoehrer;100;RRBS Library Preparation 2014-12-12.pdf;TruSeq LT Index 22;16.07;0.905;8.01049056;4;19.81;17.81;198;
B03;N1223-15;N1223-15_Glioblastoma;34.98;RRBS Library Preparation 2014-12-12.pdf;TruSeq LT Index 15;18.37;0;15;7;18.63;17;202;
B04;N1224-15B;N1224-15B_Glioblastoma;100;RRBS Library Preparation 2014-12-12.pdf;TruSeq LT Index 16;14.01;0.36;11.68746869;3;15.1;13;210;
F03;N1225-15A;N1225-15A_Glioblastoma;100;AK09 pool 8 new barcodes;TruSeq LT Index 15;17.425;0.48;10.75466436;8;19.78;18;210;
B03;N1226-15;N1226-15;100;RRBS Library Preparation 2014-12-12.pdf;TruSeq LT Index 15;18.255;1.195;6.551796719;6;20.8;19;212;
B04;N1227-15;N1227-15;100;RRBS Library Preparation 2014-12-12.pdf;TruSeq LT Index 16;15.35;0;15;2;16.94;15;212;
B05;N1228-15;N1228-15;11.396;RRBS Library Preparation 2014-12-12.pdf;TruSeq LT Index 18;20.77;0;15;7;22.19;20;212;
B06;N1229-15 A;N1229-15 A;71.28;RRBS Library Preparation 2014-12-12.pdf;TruSeq LT Index 19;19.46;1.31;6.049813194;7;22.19;20;212;
A11;N1230-15;N1230-15_AdelheidWoehrer;100;RRBS Library Preparation 2014-12-12.pdf;TruSeq LT Index 11;16.54;1.825;4.233616518;5;21.29;19.29;198;
A12;N1231-15;N1231-15_AdelheidWoehrer;100;RRBS Library Preparation 2014-12-12.pdf;TruSeq LT Index 12;16.665;0.31;12.09962639;4;19.81;17.81;198;
B06;N1232-15;N1232-15_Glioblastoma;100;RRBS Library Preparation 2014-12-12.pdf;TruSeq LT Index 19;15.905;0.505;10.56990566;6;17.25;15;202;
B07;N1233-15;N1233-15_Glioblastoma;100;RRBS Library Preparation 2014-12-12.pdf;TruSeq LT Index 20;17.24;1.13;6.853735877;7;18.63;17;202;
B08;N1234-15;N1234-15_Glioblastoma;100;RRBS Library Preparation 2014-12-12.pdf;TruSeq LT Index 21;15.56;0.85;8.321771041;6;17.25;15;202;
B07;N1235-15 A;N1235-15 A;100;RRBS Library Preparation 2014-12-12.pdf;TruSeq LT Index 20;16.06;0.205;13.01308031;3;17.81;16;212;
B08;N1236-15;N1236-15;34.1;RRBS Library Preparation 2014-12-12.pdf;TruSeq LT Index 21;19.035;0.415;11.25029242;6;20.8;19;212;
A02;N1237-15;N1237-15_Glioblastoma;90.64;RRBS Library Preparation 2014-12-12.pdf;TruSeq LT Index 2;14.01;1.055;7.219458323;4;16.5;15;202;
A03;N1238-15;N1238-15_Glioblastoma;100;RRBS Library Preparation 2014-12-12.pdf;TruSeq LT Index 3;11.615;2.755;2.222048946;3;15.1;13;210;
A04;N1239-15;N1239-15_Glioblastoma;100;RRBS Library Preparation 2014-12-12.pdf;TruSeq LT Index 4;11.66;2.15;3.379689235;2;15.06;13;209;
B09;N1241-15;N1241-15;100;RRBS Library Preparation 2014-12-12.pdf;TruSeq LT Index 22;18.26;1.19;6.57454291;6;20.8;19;212;
B10;N1242-15 A;N1242-15 A;100;RRBS Library Preparation 2014-12-12.pdf;TruSeq LT Index 23;15.49;0.775;8.765829364;3;17.81;16;212;
B11;N1243-15;N1243-15;100;RRBS Library Preparation 2014-12-12.pdf;TruSeq LT Index 25;16.64;1.195;6.551796719;5;19.33;17;212;
B12;N1245-15;N1245-15;100;RRBS Library Preparation 2014-12-12.pdf;TruSeq LT Index 27;14.59;0.76;8.857444961;2;16.94;15;212;
C01;N1246-15;N1246-15;100;RRBS Library Preparation 2014-12-12.pdf;TruSeq LT Index 1;17.015;0.375;11.56658119;4;18.33;16;212;
C02;N1247-15;N1247-15;100;RRBS Library Preparation 2014-12-12.pdf;TruSeq LT Index 2;17.345;0.49;10.68037647;5;19.33;17;212;
B01;N1248-04;N1248-04_Glioblastoma;26.18;RRBS Library Preparation 2014-12-12.pdf;TruSeq LT Index 13;17.17;1.2;6.529129225;7;18.63;17;202;
B03;N1250-15;N1250-15_AdelheidWoehrer;100;RRBS Library Preparation 2014-12-12.pdf;TruSeq LT Index 15;14.64;0.885;8.122312841;3;18.05;16.05;198;
F04;N1250-15 I;N1250-15 I;100;RRBS Library Preparation 2014-12-12.pdf;TruSeq LT Index 16;18.54;2.475;2.87786716;8;22.67;21;216;
F05;N1250-15 II;N1250-15 II;100;RRBS Library Preparation 2014-12-12.pdf;TruSeq LT Index 18;20.345;0.67;10.056107;8;22.67;21;216;
F06;N1250-15 III;N1250-15 III;100;RRBS Library Preparation 2014-12-12.pdf;TruSeq LT Index 19;15.935;0.295;13.04115732;5;18.83;17;215;
B04;N1252-15A;N1252-15A_AdelheidWoehrer;44;RRBS Library Preparation 2014-12-12.pdf;TruSeq LT Index 16;12.875;0.8;8.615237662;1;15.78;13.78;196;198
F07;N1252-15A I;N1252-15A I;100;RRBS Library Preparation 2014-12-12.pdf;TruSeq LT Index 20;14.315;0.605;10.51954208;3;17.9;16;215;
F08;N1252-15A II;N1252-15A II;2.2;RRBS Library Preparation 2014-12-12.pdf;TruSeq LT Index 21;18.225;2.79;2.313376368;8;22.67;21;216;
F09;N1252-15A III;N1252-15A III;31.9;RRBS Library Preparation 2014-12-12.pdf;TruSeq LT Index 22;21.015;0;16;8;22.67;21;216;
D10;N1267-07;N1267-07_Glioblastoma;100;RRBS Library Preparation 2014-12-12.pdf;TruSeq LT Index 23;10.79;2.065;3.584794941;1;14.12;12;209;
;N1267-07_rr;N1267-07_Glioblastoma/N1267-07_rr (new sample name);100;RRBS Library Preparation 2014-12-12.pdf;TruSeq LT Index 23;10.79;2.43;2.969047141;2;16.17;14;215;
F06;N127-05A;N127-05A_Glioblastoma;33.12;AK09 pool 8 new barcodes- not enought DNA left;TruSeq LT Index 19;19.06;2.145;3.391422666;9;22.32;20;210;
H02;N1279-07A_tr3;N1279-07A_test run 3;100;RRBS Library Preparation 2014-12-12.pdf;TruSeq LT Index 14;15.465;0.765;9.415253898;5;18.83;17;215;
F08;N1279-14A;N1279-14A_Glioblastoma;45;AK09 pool 8 new barcodes- not enought DNA left;TruSeq LT Index 21;15.73;0.175;13.28651279;7b;18.1;16;210;
A01;N1283-13 B;N1283-13 B;100;RRBS Library Preparation 2014-12-12.pdf;TruSeq LT Index 1;14.385;0.535;11.04253883;3;17.9;16;215;
D02;N1315-11 B;N1315-11 B;51.04;RRBS Library Preparation 2014-12-12.pdf;TruSeq LT Index 14;19.525;1.245;6.328618471;7;22.19;20;212;
H01;N1317-12_tr3;N1317-12_test run 3;36.08;RRBS Library Preparation 2014-12-12.pdf;TruSeq LT Index 13;16.08;0.15;14.4200074;5;18.83;17;215;
E02;N1322-08A;N1322-08A_Glioblastoma;100;RRBS Library Preparation 2014-12-12.pdf;TruSeq LT Index 2;13.31;0.5;10.60660172;2;15.06;13;209;
D02;N1330-09;N1330-09;100;RRBS Library Preparation 2014-12-12.pdf;TruSeq LT Index 14;16.15;0.84;8.938297105;6a;18.79;17;215;
F10;N1388-04;N1388-04_Glioblastoma;4.95;AK09 pool 8 new barcodes- not enought DNA left;TruSeq LT Index 23;17.91;3.295;1.528260623;9;22.32;20;210;
A09;N139-03C;N139-03C_Glioblastoma;100;RRBS Library Preparation 2014-12-12.pdf;TruSeq LT Index 9;15.145;0.675;9.39498329;5;17.52;16;202;
D12;N1404-13;N1404-13_Glioblastoma;100;RRBS Library Preparation 2014-12-12.pdf;TruSeq LT Index 27;12.085;0.77;8.796262119;1;14.12;12;209;
G01;N1404-13_f;N1404-13 – Frozen – DNA;100;RRBS Library Preparation 2014-12-12.pdf;TruSeq LT Index 1;9.29;0.18;14.12324794;1;13.38;11;215;
A08;N1420-08;N1420-08_AdelheidWoehrer;100;RRBS Library Preparation 2014-12-12.pdf;TruSeq LT Index 8;14.305;1.22;6.439240773;3;18.05;16.05;198;
B07;N1436-06;N1436-06_AdelheidWoehrer;100;RRBS Library Preparation 2014-12-12.pdf;TruSeq LT Index 20;14.275;0;15;2;17.27;15.27;196;198
D07;N1471-11A;N1471-11A_AdelheidWoehrer;100;RRBS Library Preparation 2014-12-12.pdf;TruSeq LT Index 20;18.365;0;15;5;21.29;19.29;198;
E06;N1496-13 C;N1496-13 C;100;RRBS Library Preparation 2014-12-12.pdf;TruSeq LT Index 6;14.205;1.145;6.782845332;2;16.94;15;212;
F03;N1510-11;N1510-11_Glioblastoma;100;RRBS Library Preparation 2014-12-12.pdf;TruSeq LT Index 15;15.61;0.8;8.615237662;6;17.25;15;202;
C04;N1518-07A;N1518-07A_Glioblastoma;100;RRBS Library Preparation 2014-12-12.pdf;TruSeq LT Index 4;11.64;1.215;6.461596198;1;14.12;12;209;
F12;N1575-78-12_f;N1575-78-12 – Frozen – DNA;100;RRBS Library Preparation 2014-12-12.pdf;TruSeq LT Index 27;9.125;0.345;12.59692763;1;13.38;11;215;
D11;N1576-12;N1576-12_Glioblastoma;100;RRBS Library Preparation 2014-12-12.pdf;TruSeq LT Index 25;13.555;0.815;8.526127299;3;15.1;13;210;
E04;N158-07;N158-07_Glioblastoma;94.16;RRBS Library Preparation 2014-12-12.pdf;TruSeq LT Index 4;12.495;1.875;4.089403997;3;15.1;13;210;
G04;N1592-95-12_f;N1592-95-12 – Frozen – DNA;100;RRBS Library Preparation 2014-12-12.pdf;TruSeq LT Index 4;8.36;1.11;7.412704495;1;13.38;11;215;
C01;N1593-12;N1593-12_Glioblastoma;100;RRBS Library Preparation 2014-12-12.pdf;TruSeq LT Index 1;12.855;0;15;1;14.12;12;209;
F07;N1649-12;N1649-12_Glioblastoma;29.19;AK09 pool 8 new barcodes- not enought DNA left;TruSeq LT Index 20;17.16;0.745;8.950018073;8;19.78;18;210;
A02;N1677-06;N1677-06_AdelheidWoehrer;100;RRBS Library Preparation 2014-12-12.pdf;TruSeq LT Index 2;14;0.275;12.39675477;2;17.27;15.27;196;198
A06;N1734-10;N1734-10_AdelheidWoehrer;100;RRBS Library Preparation 2014-12-12.pdf;TruSeq LT Index 6;15.175;0.35;11.76876147;3;18.05;16.05;198;
C06;N1735-09;N1735-09_Glioblastoma;100;RRBS Library Preparation 2014-12-12.pdf;TruSeq LT Index 6;16.16;2.21;3.242014617;7;18.63;17;202;
F04;N174-14v;N174-14v_Glioblastoma;22.22;RRBS Library Preparation 2014-12-12.pdf;TruSeq LT Index 16;15.82;0;15;5;17.52;16;202;
D04;N1764-06;N1764-06;100;RRBS Library Preparation 2014-12-12.pdf;TruSeq LT Index 16;15.615;0.615;10.4468783;5;18.83;17;215;
D11;N1783-14;N1783-14_AdelheidWoehrer;100;RRBS Library Preparation 2014-12-12.pdf;TruSeq LT Index 25;17.815;0.55;10.24530193;5;21.29;19.29;198;
C12;N1814-09A;N1814-09A_Glioblastoma;100;RRBS Library Preparation 2014-12-12.pdf;TruSeq LT Index 12;15.965;0.445;11.01876475;6;17.25;15;202;
F01;N1834-15;N1834-15;100;RRBS Library Preparation 2014-12-12.pdf;TruSeq LT Index 13;13.155;1.305;6.070816624;1;17.06;15;212;
G03;N1844-13_f;N1844-13 – Frozen – DNA;100;RRBS Library Preparation 2014-12-12.pdf;TruSeq LT Index 3;8.59;0.88;8.6938789;1;13.38;11;215;
C08;N1844-13B;N1844-13B_Glioblastoma;100;RRBS Library Preparation 2014-12-12.pdf;TruSeq LT Index 8;16.205;0.205;13.01308031;6;17.25;15;202;
F11;N1916-12_f;N1916-12 – Frozen – DNA;100;RRBS Library Preparation 2014-12-12.pdf;TruSeq LT Index 25;9.155;0.315;12.86161585;1;13.38;11;215;
C05;N1935-14;N1935-14;27.94;RRBS Library Preparation 2014-12-12.pdf;TruSeq LT Index 5;19.32;1.86;4.407620464;9;22.75;21;216;
D03;N194-05 A;N194-05 A;100;RRBS Library Preparation 2014-12-12.pdf;TruSeq LT Index 15;17.255;3.76;1.180992661;8;22.67;21;216;
B12;N203-13A;N203-13A_Glioblastoma;100;RRBS Library Preparation 2014-12-12.pdf;TruSeq LT Index 27;13.81;0;15;2;15.06;13;209;
F01;N204-11;N204-11_Glioblastoma;100;RRBS Library Preparation 2014-12-12.pdf;TruSeq LT Index 13;13.575;0.235;12.74527499;2;15.06;13;209;
E04;N2041-14 D;N2041-14 D;100;RRBS Library Preparation 2014-12-12.pdf;TruSeq LT Index 4;13.505;0.955;7.737623845;1;17.06;15;212;
C04;N2083-13 A;N2083-13 A;100;RRBS Library Preparation 2014-12-12.pdf;TruSeq LT Index 4;16.135;1.595;5.296355642;7;20.06;18;215;
D12;N2189-15;N2189-15;100;RRBS Library Preparation 2014-12-12.pdf;TruSeq LT Index 27;15.125;1.14;6.806393665;3;17.81;16;212;
E03;N225-06;N225-06_Glioblastoma;100;RRBS Library Preparation 2014-12-12.pdf;TruSeq LT Index 3;11.455;2.355;2.932011162;2;15.06;13;209;
E12;N225-09;N225-09_Glioblastoma;100;RRBS Library Preparation 2014-12-12.pdf;TruSeq LT Index 12;16.57;1.8;4.307618831;7;18.63;17;202;
C11;N2264-13;N2264-13;79.2;RRBS Library Preparation 2014-12-12.pdf;TruSeq LT Index 11;15.93;0.3;12.99603834;5;18.83;17;215;
E07;N2298-13 D;N2298-13 D;100;RRBS Library Preparation 2014-12-12.pdf;TruSeq LT Index 7;13.78;0.68;9.362479117;1;17.06;15;212;
F04;N2310-13 D;N2310-13 D;100;RRBS Library Preparation 2014-12-12.pdf;TruSeq LT Index 16;14.03;0.43;11.13392678;1;17.06;15;212;
D01;N234-09 C;N234-09 C;100;RRBS Library Preparation 2014-12-12.pdf;TruSeq LT Index 13;13.815;1.105;7.438439541;3;17.9;16;215;
C03;N2362-15;N2362-15;100;RRBS Library Preparation 2014-12-12.pdf;TruSeq LT Index 3;16.265;1.125;6.877530324;4;18.33;16;212;
C04;N2363-15 C;N2363-15 C;100;RRBS Library Preparation 2014-12-12.pdf;TruSeq LT Index 4;15.655;0.61;9.827950529;3;17.81;16;212;
C05;N2367-15;N2367-15;100;RRBS Library Preparation 2014-12-12.pdf;TruSeq LT Index 5;19.565;1.205;6.506540154;7;22.19;20;212;
D03;N2367-15I;N2367-15I_AdelheidWoehrer;100;RRBS Library Preparation 2014-12-12.pdf;TruSeq LT Index 15;16.975;0;15;4;19.81;17.81;198;
D04;N2367-15II;N2367-15II_AdelheidWoehrer;100;RRBS Library Preparation 2014-12-12.pdf;TruSeq LT Index 16;16.005;0.97;7.657590943;4;19.81;17.81;198;
D05;N2367-15III;N2367-15III_AdelheidWoehrer;100;RRBS Library Preparation 2014-12-12.pdf;TruSeq LT Index 18;17.745;0.62;9.760063916;5;21.29;19.29;198;
C06;N2368-15;N2368-15;100;RRBS Library Preparation 2014-12-12.pdf;TruSeq LT Index 6;17.39;0;15;4;18.33;16;212;
D09;N2368-15 II;N2368-15 II;19.9;RRBS Library Preparation 2014-12-12.pdf;TruSeq LT Index 22;21.18;0;16;9;22.75;21;216;
D10;N2368-15 III;N2368-15 III;14.3;RRBS Library Preparation 2014-12-12.pdf;TruSeq LT Index 23;19.04;2.14;3.630076621;9;22.75;21;216;
D06;N2368-15I;N2368-15I_AdelheidWoehrer;100;RRBS Library Preparation 2014-12-12.pdf;TruSeq LT Index 19;17.4;0.965;7.684176173;5;21.29;19.29;198;
C07;N2371-15 B;N2371-15 B;100;RRBS Library Preparation 2014-12-12.pdf;TruSeq LT Index 7;15.985;0.28;12.35386526;3;17.81;16;212;
C08;N2372-15;N2372-15;100;RRBS Library Preparation 2014-12-12.pdf;TruSeq LT Index 8;17.055;0.335;11.89176205;4;18.33;16;212;
C09;N2373-15;N2373-15;100;RRBS Library Preparation 2014-12-12.pdf;TruSeq LT Index 9;17.335;0.5;10.60660172;5;19.33;17;212;
C10;N2374-15;N2374-15;80.52;RRBS Library Preparation 2014-12-12.pdf;TruSeq LT Index 10;16.26;0.005;14.94810394;3;17.81;16;212;
C11;N2375-15;N2375-15;37.4;RRBS Library Preparation 2014-12-12.pdf;TruSeq LT Index 11;17.26;0.13;13.70747175;4;18.33;16;212;
C12;N2376-15;N2376-15;39.6;RRBS Library Preparation 2014-12-12.pdf;TruSeq LT Index 12;19.105;0.345;11.80961965;6;20.8;19;212;
D01;N2377-15;N2377-15;27.06;RRBS Library Preparation 2014-12-12.pdf;TruSeq LT Index 13;19.685;1.085;7.070884019;7;22.19;20;212;
D03;N2378-15;N2378-15;100;RRBS Library Preparation 2014-12-12.pdf;TruSeq LT Index 15;17.07;0.32;12.01604816;4;18.33;16;212;
D04;N2380-15 C;N2380-15 C;100;RRBS Library Preparation 2014-12-12.pdf;TruSeq LT Index 16;17.625;0.21;12.96805847;5;19.33;17;212;
D05;N2381-15;N2381-15;100;RRBS Library Preparation 2014-12-12.pdf;TruSeq LT Index 18;17.06;0.33;11.93304726;4;18.33;16;212;
D06;N2382-15;N2382-15;100;RRBS Library Preparation 2014-12-12.pdf;TruSeq LT Index 19;19.45;0;15;6;20.8;19;212;
D07;N2383-15;N2383-15;39.38;RRBS Library Preparation 2014-12-12.pdf;TruSeq LT Index 20;19.485;1.285;6.155562066;7;22.19;20;212;
D08;N2384-15;N2384-15;15.48;RRBS Library Preparation 2014-12-12.pdf;TruSeq LT Index 21;20.43;0.34;11.85061968;7;22.19;20;212;
D09;N2385-15;N2385-15;100;RRBS Library Preparation 2014-12-12.pdf;TruSeq LT Index 22;19.66;1.11;6.949410464;7;22.19;20;212;
D10;N2386-15;N2386-15;100;RRBS Library Preparation 2014-12-12.pdf;TruSeq LT Index 23;14.46;0;15;1;17.06;15;212;
D11;N2403-15;N2403-15;100;RRBS Library Preparation 2014-12-12.pdf;TruSeq LT Index 25;16.315;1.075;7.120065907;4;18.33;16;212;
D07;N2441-14C;N2441-14C_Glioblastoma;100;RRBS Library Preparation 2014-12-12.pdf;TruSeq LT Index 20;13.575;0.795;8.645147601;3;15.1;13;210;
G01;N2446-14;N2446-14_Glioblastoma;57.2;RRBS Library Preparation 2014-12-12.pdf;TruSeq LT Index 1;15.985;0.425;11.17258097;6;17.25;15;202;
G02;N2447-14A;N2447-14A_Glioblastoma;100;RRBS Library Preparation 2014-12-12.pdf;TruSeq LT Index 2;14.835;0.985;7.578385849;5;17.52;16;202;
G03;N2448-14;N2448-14_Glioblastoma;100;RRBS Library Preparation 2014-12-12.pdf;TruSeq LT Index 3;12.115;2.95;1.941121732;4;16.5;15;202;
G04;N2449-14;N2449-14_Glioblastoma;100;RRBS Library Preparation 2014-12-12.pdf;TruSeq LT Index 4;14.495;0.57;10.10425183;4;16.5;15;202;
G05;N2450-14;N2450-14_Glioblastoma;100;RRBS Library Preparation 2014-12-12.pdf;TruSeq LT Index 5;15.07;0.75;8.919053363;5;17.52;16;202;
G06;N2451-14;N2451-14_Glioblastoma;52.8;RRBS Library Preparation 2014-12-12.pdf;TruSeq LT Index 6;15.475;0.345;11.80961965;5;17.52;16;202;
G07;N2452-14;N2452-14_Glioblastoma;100;RRBS Library Preparation 2014-12-12.pdf;TruSeq LT Index 7;11.88;0.975;7.631097691;1;14.12;12;209;
G08;N2453-14;N2453-14_Glioblastoma;100;RRBS Library Preparation 2014-12-12.pdf;TruSeq LT Index 8;13.67;0.14;13.61278733;2;15.06;13;209;
F11;N2454-14;N2454-14_Glioblastoma;100;RRBS Library Preparation 2014-12-12.pdf;TruSeq LT Index 25;15.335;0.57;10.10425183;7b;18.1;16;210;
F12;N2455-14A;N2455-14A_Glioblastoma;13.2;RRBS Library Preparation 2014-12-12.pdf;TruSeq LT Index 27;15.325;0.58;10.03445666;7b;18.1;16;210;
G01;N2456-14;N2456-14_Glioblastoma;12.1;RRBS Library Preparation 2014-12-12.pdf;TruSeq LT Index 1;17.905;0;15;8;19.78;18;210;
G02;N2457-14;N2457-14_Glioblastoma;83.16;RRBS Library Preparation 2014-12-12.pdf;TruSeq LT Index 2;17.5;0.405;11.32854439;8;19.78;18;210;
G03;N2460-14;N2460-14_Glioblastoma;89.32;RRBS Library Preparation 2014-12-12.pdf;TruSeq LT Index 3;18.97;2.235;3.186318747;9;22.32;20;210;
G04;N2461-14;N2461-14_Glioblastoma;44.44;RRBS Library Preparation 2014-12-12.pdf;TruSeq LT Index 4;13.145;0.815;8.526127299;7a;17.11;15;210;
A05;N2462-14;N2462-14_Glioblastoma;88.44;RRBS Library Preparation 2014-12-12.pdf;TruSeq LT Index 5;17.665;0.705;9.201637329;7;18.63;17;202;
C07;N2462-15;N2462-15;19.8;RRBS Library Preparation 2014-12-12.pdf;TruSeq LT Index 7;17.37;0.36;12.46663327;7;20.06;18;215;
A06;N2463-14;N2463-14_Glioblastoma;21.736;RRBS Library Preparation 2014-12-12.pdf;TruSeq LT Index 6;15.95;0.46;10.90479388;6;17.25;15;202;
A07;N2464-14A;N2464-14A_Glioblastoma;100;RRBS Library Preparation 2014-12-12.pdf;TruSeq LT Index 7;12.37;1.44;5.528509565;2;15.06;13;209;
A08;N2465-14A;N2465-14A_Glioblastoma;88.88;RRBS Library Preparation 2014-12-12.pdf;TruSeq LT Index 8;14.735;0.33;11.93304726;4;16.5;15;202;
G05;N2477-14;N2477-14_Glioblastoma;34.54;RRBS Library Preparation 2014-12-12.pdf;TruSeq LT Index 5;16.795;1.11;6.949410464;8;19.78;18;210;
G06;N2478-14;N2478-14_Glioblastoma;59.4;RRBS Library Preparation 2014-12-12.pdf;TruSeq LT Index 6;15.24;0.665;9.460330566;7b;18.1;16;210;
G07;N2481-14;N2481-14_Glioblastoma;100;RRBS Library Preparation 2014-12-12.pdf;TruSeq LT Index 7;11.72;2.24;3.175294921;7a;17.11;15;210;
G08;N2482-14A;N2482-14A_Glioblastoma;29.92;RRBS Library Preparation 2014-12-12.pdf;TruSeq LT Index 8;18.355;2.85;2.08044276;9;22.32;20;210;
G09;N2487-14A;N2487-14A_Glioblastoma;7.92;RRBS Library Preparation 2014-12-12.pdf;TruSeq LT Index 9;20.06;1.145;6.782845332;9;22.32;20;210;
G10;N2488-14;N2488-14_Glioblastoma;100;RRBS Library Preparation 2014-12-12.pdf;TruSeq LT Index 10;21.205;0;15;9;22.32;20;210;
B09;N2489-14;N2489-14_Glioblastoma;100;RRBS Library Preparation 2014-12-12.pdf;TruSeq LT Index 22;14.37;0;15;3;15.1;13;210;
B10;N2490-14;N2490-14_Glioblastoma;100;RRBS Library Preparation 2014-12-12.pdf;TruSeq LT Index 23;12.975;1.395;5.703670325;3;15.1;13;210;
B11;N2491-14;N2491-14_Glioblastoma;100;RRBS Library Preparation 2014-12-12.pdf;TruSeq LT Index 25;11.205;1.65;4.779602352;1;14.12;12;209 with the repeated pool in AK10 ;
C08;N2506-14 B;N2506-14 B;100;RRBS Library Preparation 2014-12-12.pdf;TruSeq LT Index 8;14.485;0.875;8.724061861;4;17.48;15;215;
F04;N259-08;N259-08_Glioblastoma;90.9;AK09 pool 8 new barcodes- not enought DNA left;TruSeq LT Index 16;16.33;1.575;5.034646885;8;19.78;18;210;
D05;N294-10 C;N294-10 C;100;RRBS Library Preparation 2014-12-12.pdf;TruSeq LT Index 18;17.64;0.09;15.03236399;7;20.06;18;215;
D09;N321-15C;N321-15C_AdelheidWoehrer;100;RRBS Library Preparation 2014-12-12.pdf;TruSeq LT Index 22;18.28;0.085;14.14176804;5;21.29;19.29;198;
E09;N359-14 B;N359-14 B;100;RRBS Library Preparation 2014-12-12.pdf;TruSeq LT Index 9;14.59;0.76;8.857444961;2;16.94;15;212;
F09;N369-08;N369-08_Glioblastoma;100;AK09 pool 8 new barcodes;TruSeq LT Index 22;18.01;3.195;1.63794918;9;22.32;20;210;
A03;N380-09B;N380-09B_AdelheidWoehrer;100;RRBS Library Preparation 2014-12-12.pdf;TruSeq LT Index 3;13.18;1.095;7.022041856;2;17.27;15.27;196;198
F02;N386-06;N386-06_Glioblastoma;39.06;AK09 pool 8 new barcodes - not enought DNA left;TruSeq LT Index 14;15.005;0.9;8.038300969;7b;18.1;16;210;
H03;N392-09_tr3;N392-09_test run 3;100;RRBS Library Preparation 2014-12-12.pdf;TruSeq LT Index 15;16.525;0.465;11.59153724;6a;18.79;17;215;
F08;N417-14;N417-14_Glioblastoma;44.88;RRBS Library Preparation 2014-12-12.pdf;TruSeq LT Index 21;14.99;0.83;8.437938635;5;17.52;16;202;
G09;N417-14_f;N417-14 – Frozen – DNA;100;RRBS Library Preparation 2014-12-12.pdf;TruSeq LT Index 9;10.13;3.09;1.879045498;2;16.17;14;215;
D09;N441-06;N441-06_Glioblastoma;100;RRBS Library Preparation 2014-12-12.pdf;TruSeq LT Index 22;16.32;0.09;14.09284124;6;17.25;15;202;
G11;N458-14_f;N458-14 – Frozen – DNA;100;RRBS Library Preparation 2014-12-12.pdf;TruSeq LT Index 11;9.305;0.165;14.27085631;1;13.38;11;215;
B02;N465-05C;N465-05C_Glioblastoma;100;RRBS Library Preparation 2014-12-12.pdf;TruSeq LT Index 14;15.475;0.345;11.80961965;5;17.52;16;202;
C06;N475-15;N475-15;100;RRBS Library Preparation 2014-12-12.pdf;TruSeq LT Index 6;14.03;1.33;6.36429187;4;17.48;15;215;
F09;N490-13B;N490-13B_Glioblastoma;100;RRBS Library Preparation 2014-12-12.pdf;TruSeq LT Index 22;16.845;1.525;5.212193324;7;18.63;17;202;
C09;N531-07;N531-07_Glioblastoma;100;RRBS Library Preparation 2014-12-12.pdf;TruSeq LT Index 9;12.23;0.625;9.72629666;1;14.12;12;209;
D06;N536-07;N536-07_Glioblastoma;100;RRBS Library Preparation 2014-12-12.pdf;TruSeq LT Index 19;14.705;0.36;11.68746869;4;16.5;15;202;
D07;N54-13;N54-13;100;RRBS Library Preparation 2014-12-12.pdf;TruSeq LT Index 20;17.78;3.235;1.699369998;8;22.67;21;216;
F05;N554-03B;N554-03B_Glioblastoma;100;AK09 pool 8 new barcodes;TruSeq LT Index 18;16.235;1.67;4.713800154;8;19.78;18;210;
E12;N605-13;N605-13;66.88;RRBS Library Preparation 2014-12-12.pdf;TruSeq LT Index 12;16.27;1.12;6.90140738;4;18.33;16;212;
D08;N61-15D;N61-15D_AdelheidWoehrer;100;RRBS Library Preparation 2014-12-12.pdf;TruSeq LT Index 21;18.22;0.145;13.56569066;5;21.29;19.29;198;
F05;N623-04;N623-04_Glioblastoma;100;RRBS Library Preparation 2014-12-12.pdf;TruSeq LT Index 18;17.255;1.115;6.92536733;7;18.63;17;202;
F10;N658-15D;N658-15D_Glioblastoma;100;RRBS Library Preparation 2014-12-12.pdf;TruSeq LT Index 23;11.955;1.855;4.14648995;2;15.06;13;209;
F11;N668-06;N668-06_Glioblastoma;88.44;RRBS Library Preparation 2014-12-12.pdf;TruSeq LT Index 25;13.265;0.545;10.28087104;2;15.06;13;209;
C03;N669-06I;N669-06I_AdelheidWoehrer;100;RRBS Library Preparation 2014-12-12.pdf;TruSeq LT Index 3;11.72;1.955;3.868811922;1;15.78;13.78;196;198
C04;N669-06II;N669-06II_AdelheidWoehrer;100;RRBS Library Preparation 2014-12-12.pdf;TruSeq LT Index 4;11.5;2.175;3.321628197;1;15.78;13.78;196;198
C05;N669-06III;N669-06III_AdelheidWoehrer;100;RRBS Library Preparation 2014-12-12.pdf;TruSeq LT Index 5;18.345;0.02;14.79349057;5;21.29;19.29;198;
E01;N677-15;N677-15;100;RRBS Library Preparation 2014-12-12.pdf;TruSeq LT Index 1;15.45;0.815;8.526127299;3;17.81;16;212;
E02;N678-15;N678-15;100;RRBS Library Preparation 2014-12-12.pdf;TruSeq LT Index 2;15.36;0.905;8.01049056;3;17.81;16;212;
E05;N679-15;N679-15;100;RRBS Library Preparation 2014-12-12.pdf;TruSeq LT Index 5;15.25;0.1;13.99549487;2;16.94;15;212;
E11;N681-15;N681-15;100;RRBS Library Preparation 2014-12-12.pdf;TruSeq LT Index 11;14.325;1.025;7.371154489;2;16.94;15;212;
F02;N683-15;N683-15;64.68;RRBS Library Preparation 2014-12-12.pdf;TruSeq LT Index 14;17.395;0.44;11.05701913;5;19.33;17;212;
F03;N684-15;N684-15;100;RRBS Library Preparation 2014-12-12.pdf;TruSeq LT Index 15;15.265;0.085;14.14176804;2;16.94;15;212;
F05;N686-15;N686-15;100;RRBS Library Preparation 2014-12-12.pdf;TruSeq LT Index 18;17.74;0.095;14.04408371;5;19.33;17;212;
A02;N687-15;N687-15;100;RRBS Library Preparation 2014-12-12.pdf;TruSeq LT Index 2;12.775;0.445;11.75334907;2;16.17;14;215;
A03;N688-15;N688-15;100;RRBS Library Preparation 2014-12-12.pdf;TruSeq LT Index 3;12.04;1.18;7.06162397;2;16.17;14;215;
A04;N689-15;N689-15;40.04;RRBS Library Preparation 2014-12-12.pdf;TruSeq LT Index 4;15.945;1.045;7.754318535;6a;18.79;17;215;
A05;N690-15;N690-15;100;RRBS Library Preparation 2014-12-12.pdf;TruSeq LT Index 5;14.92;0;16;3;17.9;16;215;
A06;N693-15;N693-15;100;RRBS Library Preparation 2014-12-12.pdf;TruSeq LT Index 6;13.785;1.135;7.285358669;3;17.9;16;215;
A07;N695-15;N695-15;100;RRBS Library Preparation 2014-12-12.pdf;TruSeq LT Index 7;13.925;1.435;5.917550037;4;17.48;15;215;
A08;N698-15;N698-15;100;RRBS Library Preparation 2014-12-12.pdf;TruSeq LT Index 8;13.18;1.74;4.789914818;3;17.9;16;215;
A09;N699-15;N699-15;100;RRBS Library Preparation 2014-12-12.pdf;TruSeq LT Index 9;15.705;1.285;6.56593287;6a;18.79;17;215;
A10;N700-15 B;N700-15 B;100;RRBS Library Preparation 2014-12-12.pdf;TruSeq LT Index 10;12.065;1.155;7.185058983;2;16.17;14;215;
A11;N701-15 B;N701-15 B;100;RRBS Library Preparation 2014-12-12.pdf;TruSeq LT Index 11;14.96;0.4;12.12573253;4;17.48;15;215;
A12;N702-15;N702-15;100;RRBS Library Preparation 2014-12-12.pdf;TruSeq LT Index 12;12.915;2.005;3.986161051;3;17.9;16;215;
B01;N703-15;N703-15;100;RRBS Library Preparation 2014-12-12.pdf;TruSeq LT Index 13;13.22;0;16;2;16.17;14;215;
B02;N706-15;N706-15;100;RRBS Library Preparation 2014-12-12.pdf;TruSeq LT Index 14;15.36;0;16;4;17.48;15;215;
B03;N707-15;N707-15;100;RRBS Library Preparation 2014-12-12.pdf;TruSeq LT Index 15;17.15;0.58;10.70342044;7;20.06;18;215;
B05;N708-15;N708-15_AdelheidWoehrer;100;RRBS Library Preparation 2014-12-12.pdf;TruSeq LT Index 18;16.405;0.57;10.10425183;4;19.81;17.81;198;
B06;N709-15;N709-15_AdelheidWoehrer;100;RRBS Library Preparation 2014-12-12.pdf;TruSeq LT Index 19;13.99;0.285;12.31112413;2;17.27;15.27;196;198
B04;N710-15;N710-15;100;RRBS Library Preparation 2014-12-12.pdf;TruSeq LT Index 16;16.98;0.01;15.88947993;6a;18.79;17;215;
B05;N711-15;N711-15;10.12;RRBS Library Preparation 2014-12-12.pdf;TruSeq LT Index 18;20.49;0.69;9.9176616;9;22.75;21;216;
B06;N712-15;N712-15;100;RRBS Library Preparation 2014-12-12.pdf;TruSeq LT Index 19;16.735;0.255;13.40779415;6a;18.79;17;215;
B07;N713-15;N713-15;100;RRBS Library Preparation 2014-12-12.pdf;TruSeq LT Index 20;16.915;0.075;15.18947394;6a;18.79;17;215;
B08;N714-15;N714-15;100;RRBS Library Preparation 2014-12-12.pdf;TruSeq LT Index 21;12.715;0.505;11.27456604;2;16.17;14;215;
B09;N715-15;N715-15;100;RRBS Library Preparation 2014-12-12.pdf;TruSeq LT Index 22;16.23;0;16;5;18.83;17;215;
C03;N719-07;N719-07_Glioblastoma;100;RRBS Library Preparation 2014-12-12.pdf;TruSeq LT Index 3;10.775;2.08;3.547716175;1;14.12;12;209;
B10;N719-15;N719-15;59.4;RRBS Library Preparation 2014-12-12.pdf;TruSeq LT Index 23;17.73;0;16;7;20.06;18;215;
B11;N720-15 B;N720-15 B;100;RRBS Library Preparation 2014-12-12.pdf;TruSeq LT Index 25;15.8;0.43;11.87618857;5;18.83;17;215;
G08;N721-13_f;N721-13 – Frozen – DNA;100;RRBS Library Preparation 2014-12-12.pdf;TruSeq LT Index 8;9.67;3.55;1.366040257;2;16.17;14;215;
F07;N721-13B;N721-13B_Glioblastoma;100;RRBS Library Preparation 2014-12-12.pdf;TruSeq LT Index 20;12.685;0.17;13.33264022;1;14.12;12;209;
B12;N721-15;N721-15;100;RRBS Library Preparation 2014-12-12.pdf;TruSeq LT Index 27;14.875;0.485;11.43195312;4;17.48;15;215;
C01;N722-15;N722-15;58.74;RRBS Library Preparation 2014-12-12.pdf;TruSeq LT Index 1;16.625;0.365;12.423502;6a;18.79;17;215;
C03;N733-15 C;N733-15 C;100;RRBS Library Preparation 2014-12-12.pdf;TruSeq LT Index 3;16.5;0.49;11.39240156;6a;18.79;17;215;
E08;N762-14 B;N762-14 B;100;RRBS Library Preparation 2014-12-12.pdf;TruSeq LT Index 8;14.19;0.27;12.43979319;1;17.06;15;212;
F02;N806-12;N806-12_Glioblastoma;100;RRBS Library Preparation 2014-12-12.pdf;TruSeq LT Index 14;13.05;0.76;8.857444961;2;15.06;13;209;
F12;N820-07C;N820-07C_Glioblastoma;100;RRBS Library Preparation 2014-12-12.pdf;TruSeq LT Index 27;14.44;0.625;9.72629666;4;16.5;15;202;
C06;N820-07CI;N820-07CI_AdelheidWoehrer;100;RRBS Library Preparation 2014-12-12.pdf;TruSeq LT Index 6;14.145;0.13;13.70747175;2;17.27;15.27;196;198
C07;N820-07CII;N820-07CII_AdelheidWoehrer;100;RRBS Library Preparation 2014-12-12.pdf;TruSeq LT Index 7;16.81;0.165;13.37892779;4;19.81;17.81;198;
C08;N820-07CIII;N820-07CIII_AdelheidWoehrer;100;RRBS Library Preparation 2014-12-12.pdf;TruSeq LT Index 8;14.125;0.15;13.51875694;2;17.27;15.27;196;198
G10;N822-13_f;N822-13 – Frozen – DNA;100;RRBS Library Preparation 2014-12-12.pdf;TruSeq LT Index 10;8.485;0.985;8.083611572;1;13.38;11;215;
C12;N840-01;N840-01;37.4;RRBS Library Preparation 2014-12-12.pdf;TruSeq LT Index 12;19.285;1.895;4.301977562;9;22.75;21;216;
C02;N845-13;N845-13_Glioblastoma;100;RRBS Library Preparation 2014-12-12.pdf;TruSeq LT Index 2;13.82;0.55;10.24530193;3;15.1;13;210;
G05;N845-13_f;N845-13 – Frozen – DNA;100;RRBS Library Preparation 2014-12-12.pdf;TruSeq LT Index 5;10.775;2.445;2.938337267;2;16.17;14;215;
D03;N853-13A;N853-13A_Glioblastoma;100;RRBS Library Preparation 2014-12-12.pdf;TruSeq LT Index 15;15.135;0.685;9.3300874;5;17.52;16;202;
E08;N861-08A;N861-08A_Glioblastoma;100;RRBS Library Preparation 2014-12-12.pdf;TruSeq LT Index 8;12.475;0.38;11.52656386;1;14.12;12;209;
C12;N861-08AI;N861-08AI_AdelheidWoehrer;100;RRBS Library Preparation 2014-12-12.pdf;TruSeq LT Index 12;14.425;1.1;6.997747437;3;18.05;16.05;198;
D01;N861-08AII;N861-08AII_AdelheidWoehrer;100;RRBS Library Preparation 2014-12-12.pdf;TruSeq LT Index 13;10.98;2.695;2.316409945;1;15.78;13.78;196;198
D02;N861-08AIII;N861-08AIII_AdelheidWoehrer;100;RRBS Library Preparation 2014-12-12.pdf;TruSeq LT Index 14;11.37;2.305;3.035408312;1;15.78;13.78;196;198
D01;N886-12;N886-12_Glioblastoma;100;RRBS Library Preparation 2014-12-12.pdf;TruSeq LT Index 13;15.065;0;15;4;16.5;15;202;
G06;N886-12_f;N886-12 – Frozen – DNA;100;RRBS Library Preparation 2014-12-12.pdf;TruSeq LT Index 6;9.785;3.435;1.479387509;2;16.17;14;215;
C05;N893-08;N893-08_Glioblastoma;100;RRBS Library Preparation 2014-12-12.pdf;TruSeq LT Index 5;14.565;0.5;10.60660172;4;16.5;15;202;
E03;N910-14 B;N910-14 B;100;RRBS Library Preparation 2014-12-12.pdf;TruSeq LT Index 3;11.54;2.92;1.981908826;1;17.06;15;212;
D10;N912-12F;N912-12F_AdelheidWoehrer;100;RRBS Library Preparation 2014-12-12.pdf;TruSeq LT Index 23;15.035;0.49;10.68037647;3;18.05;16.05;198;
D08;N918-15;N918-15_Glioblastoma;82.72;RRBS Library Preparation 2014-12-12.pdf;TruSeq LT Index 21;14.41;0.655;9.526132369;4;16.5;15;202;
A12;N960-03;N960-03_Glioblastoma;100;RRBS Library Preparation 2014-12-12.pdf;TruSeq LT Index 12;14.08;0.29;12.26853088;3;15.1;13;210;
E11;N969-08;N969-08_Glioblastoma;100;RRBS Library Preparation 2014-12-12.pdf;TruSeq LT Index 11;16.93;1.44;5.528509565;7;18.63;17;202;
E07;N986-07A;N986-07A_Glioblastoma;100;RRBS Library Preparation 2014-12-12.pdf;TruSeq LT Index 7;13.015;1.355;5.864022323;3;15.1;13;210;
C09;N986-07CI;N986-07CI_AdelheidWoehrer;100;RRBS Library Preparation 2014-12-12.pdf;TruSeq LT Index 9;15.115;0.41;11.28935061;3;18.05;16.05;198;
C10;N986-07CII;N986-07CII_AdelheidWoehrer;100;RRBS Library Preparation 2014-12-12.pdf;TruSeq LT Index 10;14.765;0.76;8.857444961;3;18.05;16.05;198;
C11;N986-07CIII;N986-07CIII_AdelheidWoehrer;100;RRBS Library Preparation 2014-12-12.pdf;TruSeq LT Index 11;16.305;0.67;9.427600309;4;19.81;17.81;198;
D06;N995-10;N995-10;100;RRBS Library Preparation 2014-12-12.pdf;TruSeq LT Index 19;19.62;1.56;5.42641731;9;22.75;21;216;
C10;N995-11;N995-11;100;RRBS Library Preparation 2014-12-12.pdf;TruSeq LT Index 10;14.05;0.87;8.75434961;3;17.9;16;215;
E05;N1453-06B;1453-06B;100;RRBS Library Preparation 2014-12-12.pdf;TruSeq LT Index 5;14.32;0.93;7.872875127;6;16.36;14;259;
C08;Graz_10_1_2009;Graz 10.1 2009;47.3;RRBS Library Preparation 2014-12-12.pdf;TruSeq LT Index 8;17.25;0.205;13.01308031;7;17.54;16;259;
C09;Graz_10_3_2009;Graz 10.3 2009;100;RRBS Library Preparation 2014-12-12.pdf;TruSeq LT Index 9;16.62;0.835;8.408745585;7;17.54;16;259;
C07;Graz_11_2_2010;Graz 11.2 2010;300;re-run from AK27;TruSeq LT Index 7;14.89;0;15;7b;14.57;13;262;
C11;Graz_11_3_2011;Graz 11.3 2011;100;RRBS Library Preparation 2014-12-12.pdf;TruSeq LT Index 11;16.43;1.025;7.371154489;7;17.54;16;259;
C12;Graz_11_8_2012;Graz 11.8 2012;15.4;RRBS Library Preparation 2014-12-12.pdf;TruSeq LT Index 12;14;0.32;12.01604816;5;16.12;14;259;
D01;Graz_12_2_2011;Graz 12.2 2011;100;RRBS Library Preparation 2014-12-12.pdf;TruSeq LT Index 13;14.57;0.68;9.362479117;6;16.36;14;259;
D02;Graz_12_3_2011;Graz 12.3 2011;26.62;RRBS Library Preparation 2014-12-12.pdf;TruSeq LT Index 14;17.455;0;15;7;17.54;16;259;
C01;Graz4_1_2010;Graz 4.1 2010;17.38;RRBS Library Preparation 2014-12-12.pdf;TruSeq LT Index 1;17.01;0.445;11.01876475;7;17.54;16;259;
C02;Graz4_5_2010;Graz 4.5 2010;100;RRBS Library Preparation 2014-12-12.pdf;TruSeq LT Index 2;15.355;2.1;3.498873718;7;17.54;16;259;
C03;Graz5_1_2009;Graz 5.1 2009;62.7;RRBS Library Preparation 2014-12-12.pdf;TruSeq LT Index 3;15.565;1.89;4.047105887;7;17.54;16;259;
C04;Graz_5_4_2009;Graz 5.4 2009;100;RRBS Library Preparation 2014-12-12.pdf;TruSeq LT Index 4;15.405;2.05;3.622261233;7;17.54;16;259;
C05;Graz_9_2_2011;Graz 9.2 2011;100;RRBS Library Preparation 2014-12-12.pdf;TruSeq LT Index 5;15.685;1.77;4.39813106;7;17.54;16;259;
C06;Graz_9_4_2012;Graz 9.4 2012;100;RRBS Library Preparation 2014-12-12.pdf;TruSeq LT Index 6;15.05;0.2;13.05825845;6;16.36;14;259;
C07;Graz_9_8_2014;Graz 9.8 2014;56.76;RRBS Library Preparation 2014-12-12.pdf;TruSeq LT Index 7;15.25;0;15;6;16.36;14;259;
E06;N541-09;N 541-09;88.88;RRBS Library Preparation 2014-12-12.pdf;TruSeq LT Index 6;13.11;0.985;7.578385849;4;15.85;14;259;
E11;N561-11;N 561-11;100;RRBS Library Preparation 2014-12-12.pdf;TruSeq LT Index 11;13.22;0;15;3;15.23;13;259;
E07;N778-11;N 778-11;100;RRBS Library Preparation 2014-12-12.pdf;TruSeq LT Index 7;13.645;0.45;10.98064272;4;15.85;14;259;
E09;N795-13;N 795-13;100;RRBS Library Preparation 2014-12-12.pdf;TruSeq LT Index 9;13.305;0.79;8.675161379;4;15.85;14;259;
F05;N1020-10_rk;N1020-10 RCL1;22.22;RRBS Library Preparation 2014-12-12.pdf;TruSeq LT Index 18;14.12;0.2;13.05825845;5;16.12;14;259;
F06;N1025-10_rk;N1025-10 RCL G2;22;RRBS Library Preparation 2014-12-12.pdf;TruSeq LT Index 19;13.765;0.33;11.93304726;4;15.85;14;259;
E12;N1101-03B;N1101-03B;100;RRBS Library Preparation 2014-12-12.pdf;TruSeq LT Index 12;14.495;0.755;8.888195782;6;16.36;14;259;
F07;N1109-10_rk;N1109-10 RCL2;16.72;RRBS Library Preparation 2014-12-12.pdf;TruSeq LT Index 20;14.89;0.36;11.68746869;6;16.36;14;259;
E01;N1137-98;N1137-98;100;RRBS Library Preparation 2014-12-12.pdf;TruSeq LT Index 1;14;0.32;12.01604816;5;16.12;14;259;
F09;N1165-14_rk;N1165-14 Kfix 1+2;38.94;RRBS Library Preparation 2014-12-12.pdf;TruSeq LT Index 22;13.745;0.35;11.76876147;4;15.85;14;259;
H03;N1180-10_rk;N1180-10 RCL G2;58.08;RRBS Library Preparation 2014-12-12.pdf;TruSeq LT Index 15;13.79;0.305;12.14163325;4;15.85;14;259;
H04;N1317-12_rk;N1317-12 Kfix2;58.52;RRBS Library Preparation 2014-12-12.pdf;TruSeq LT Index 16;13.06;1.035;7.320238206;4;15.85;14;259;
F02;N1420-08_rk;N1420-08 RCL;41.58;RRBS Library Preparation 2014-12-12.pdf;TruSeq LT Index 14;14.745;0.505;10.56990566;6;16.36;14;259;
D09;N1512-14B;N1512-14B;100;RRBS Library Preparation 2014-12-12.pdf;TruSeq LT Index 22;12.775;0.445;11.01876475;3;15.23;13;259;
F08;N173-14_rk;N173-14 Kfix2;100;RRBS Library Preparation 2014-12-12.pdf;TruSeq LT Index 21;12.465;0.755;8.888195782;3;15.23;13;259;
F04;N1814-09_rk;N1814-09 RCL3;45.32;RRBS Library Preparation 2014-12-12.pdf;TruSeq LT Index 16;13.45;0.87;8.207202759;5;16.12;14;259;
F10;N1844-13_rk;N1844-13 Kfix;100;RRBS Library Preparation 2014-12-12.pdf;TruSeq LT Index 23;11.845;1.375;5.783290595;3;15.23;13;259;
D12;N1995-15;N1995-15;100;RRBS Library Preparation 2014-12-12.pdf;TruSeq LT Index 27;14.26;0.06;14.38896179;5;16.12;14;259;
D07;N200-15;N200-15;100;RRBS Library Preparation 2014-12-12.pdf;TruSeq LT Index 20;14.255;0.065;14.33917976;5;16.12;14;259;
F03;N225-09_rk;N225-09 RCL;40.26;RRBS Library Preparation 2014-12-12.pdf;TruSeq LT Index 15;14.43;0.82;8.49662914;6;16.36;14;259;
D06;N2515-15C;N2515-15C;100;RRBS Library Preparation 2014-12-12.pdf;TruSeq LT Index 19;14.32;0;15;5;16.12;14;259;
D05;N2566-15B;N2566-15 B;100;RRBS Library Preparation 2014-12-12.pdf;TruSeq LT Index 18;14.095;0;15;4;15.85;14;259;
D11;N2613-14C;N2613-14C;100;RRBS Library Preparation 2014-12-12.pdf;TruSeq LT Index 25;14.145;0.175;13.28651279;5;16.12;14;259;
D04;N269-16;N269-16;64.02;RRBS Library Preparation 2014-12-12.pdf;TruSeq LT Index 16;13.02;0.2;13.05825845;3;15.23;13;259;
E08;N282-08;N282-08;100;RRBS Library Preparation 2014-12-12.pdf;TruSeq LT Index 8;14.94;0.31;12.09962639;6;16.36;14;259;
E04;N289-04A;N289-04A;100;RRBS Library Preparation 2014-12-12.pdf;TruSeq LT Index 4;13.79;0.305;12.14163325;4;15.85;14;259;
E02;N41-05A;N41-05A;100;RRBS Library Preparation 2014-12-12.pdf;TruSeq LT Index 2;14.295;0.025;14.74230898;5;16.12;14;259;
H02;N417-14_rk;N417-14 Kfix 2+3;100;RRBS Library Preparation 2014-12-12.pdf;TruSeq LT Index 14;12.645;0.575;10.06929377;3;15.23;13;259;
D10;N444-16B.1;N444-16B.1;100;RRBS Library Preparation 2014-12-12.pdf;TruSeq LT Index 23;14.37;0.88;8.150511469;6;16.36;14;259;
F12;N656-15_rk;N656-15 Kfix;100;RRBS Library Preparation 2014-12-12.pdf;TruSeq LT Index 27;12.05;1.17;6.666320109;3;15.23;13;259;
E03;N697-11A;N697-11A;100;RRBS Library Preparation 2014-12-12.pdf;TruSeq LT Index 3;13.96;0.36;11.68746869;5;16.12;14;259;
H01;N721-13_rk;N721-13 Kfix G1;100;RRBS Library Preparation 2014-12-12.pdf;TruSeq LT Index 13;12.775;0.445;11.01876475;3;15.23;13;259;
D03;N759-15B;N759-15B;100;RRBS Library Preparation 2014-12-12.pdf;TruSeq LT Index 15;14.585;2.87;2.05180069;7;17.54;16;259;
F01;N781-12C;N781-12C;100;RRBS Library Preparation 2014-12-12.pdf;TruSeq LT Index 13;15.39;2.065;3.584794941;7;17.54;16;259;
D08;N883-16A;N883-16A;100;RRBS Library Preparation 2014-12-12.pdf;TruSeq LT Index 21;12.71;1.385;5.743342489;4;15.85;14;259;
F11;N886-12_rk;N886-12 Kfix + RCL;100;RRBS Library Preparation 2014-12-12.pdf;TruSeq LT Index 25;11.87;1.35;5.884380734;3;15.23;13;259;
E10;N901-07 A;N901-07 A;100;RRBS Library Preparation 2014-12-12.pdf;TruSeq LT Index 10;12.88;0.34;11.85061968;3;15.23;13;259;
C07;N1180-10;EA001-002_N1180-10_AdelheidWoehrer;200;RRBS Library Preparation 2014-12-12.pdf;TruSeq LT Index 7;13.15;3.89;1;6;17.47;15;170;
C08;N1317-12;EA001-006_N1317-12_AdelheidWoehrer;78;RRBS Library Preparation 2014-12-12.pdf;TruSeq LT Index 8;12.96;4.08;0.9;6;17.47;15;170;
C09;N1020-10;EA001-008_N1020-10_AdelheidWoehrer;200;RRBS Library Preparation 2014-12-12.pdf;TruSeq LT Index 9;14.36;2.68;2.3;6;17.47;15;170;
C10;N1916-12;EA001-010_N1916-12_AdelheidWoehrer;200;RRBS Library Preparation 2014-12-12.pdf;TruSeq LT Index 10;17.04;0;15;6;17.47;15;170;
C11;N1279-07;EA001-015_N1279-07_AdelheidWoehrer;200;RRBS Library Preparation 2014-12-12.pdf;TruSeq LT Index 11;13.74;3.3;1.5;6;17.47;15;170;
C12;N392-09;EA001-017_N392-09_AdelheidWoehrer;200;RRBS Library Preparation 2014-12-12.pdf;TruSeq LT Index 12;13.4;3.64;1.2;6;17.47;15;170;
B06;N523-15A;N523-15A;100;RRBS Library Preparation 2014-12-12.pdf;TruSeq LT Index 19;12.56;0.53;6.925547341;1;17.46;15;390;
B07;N2701-15;N2701-15;100;RRBS Library Preparation 2014-12-12.pdf;TruSeq LT Index 20;12.59;0.5;7.071067812;1;17.46;15;390;
B08;N358-14C;N358-14C;100;RRBS Library Preparation 2014-12-12.pdf;TruSeq LT Index 21;12.61;0.48;7.16977624;1;17.46;15;390;
B11;N1613-14B;N1613-14B;100;RRBS Library Preparation 2014-12-12.pdf;TruSeq LT Index 25;12.95;0.14;9.075191553;1;17.46;15;390;
B12;N863-14A;N863-14A;100;RRBS Library Preparation 2014-12-12.pdf;TruSeq LT Index 27;12.97;0.12;9.201876506;1;17.46;15;390;
C01;N1073-14D;N1073-14D;100;RRBS Library Preparation 2014-12-12.pdf;TruSeq LT Index 1;12.52;0.57;6.736167884;1;17.46;15;390;
C03;N1071-14D;N1071-14D;100;RRBS Library Preparation 2014-12-12.pdf;TruSeq LT Index 3;12.81;0.28;8.235910173;1;17.46;15;390;
C05;N2496-14D;N2496-14D;100;RRBS Library Preparation 2014-12-12.pdf;TruSeq LT Index 5;13.09;0;10;1;17.46;15;390;
D04;N2147-17;N2147-17;100;RRBS Library Preparation 2014-12-12.pdf;TruSeq LT Index 16;12.46;0.63;6.461764153;1;17.46;15;390;
B10;N1024-15B;N1024-15B;100;RRBS Library Preparation 2014-12-12.pdf;TruSeq LT Index 23;11.82;0.655;5.7;1;15.55;14;403;
B04;N1625-11;N1625-11;100;RRBS Library Preparation 2014-12-12.pdf;TruSeq LT Index 16;12.9;0.55;6.830201284;2;16.06;14;390;
B05;N276-15B;N276-15B;95.48;RRBS Library Preparation 2014-12-12.pdf;TruSeq LT Index 18;13.4;0.05;9.659363289;2;16.06;14;390;
B09;N870-14C;N870-14C;100;RRBS Library Preparation 2014-12-12.pdf;TruSeq LT Index 22;12.72;0.73;6.029039138;2;16.06;14;390;
B10;N915-15;N915-15;100;RRBS Library Preparation 2014-12-12.pdf;TruSeq LT Index 23;13.09;0.36;7.791645797;2;16.06;14;390;
C02;N667-14F;N667-14F;100;RRBS Library Preparation 2014-12-12.pdf;TruSeq LT Index 3;13.05;0.4;7.578582833;2;16.06;14;390;
C04;N86-14E;N86-14E;100;RRBS Library Preparation 2014-12-12.pdf;TruSeq LT Index 4;13.28;0.17;8.888426812;2;16.06;14;390;
C06;N211-15D;N211-15D;100;RRBS Library Preparation 2014-12-12.pdf;TruSeq LT Index 6;13.12;0.33;7.955364838;2;16.06;14;390;
C07;N398-15D;N398-15D;100;RRBS Library Preparation 2014-12-12.pdf;TruSeq LT Index 7;13.33;0.12;9.201876506;2;16.06;14;390;
C09;N1963-14B;N1963-14B;100;RRBS Library Preparation 2014-12-12.pdf;TruSeq LT Index 9;13.45;0;10;2;16.06;14;390;
A02;N1198-08;N1198-08;100;RRBS Library Preparation 2014-12-12.pdf;TruSeq LT Index 7;14;0.05;9.659363289;3;15.93;14;390;
A04;N1222-10C;N1222-10C;100;RRBS Library Preparation 2014-12-12.pdf;TruSeq LT Index 4;14.04;0.01;9.930924954;3;15.93;14;390;
B01;N1281-11;N1281-11;100;RRBS Library Preparation 2014-12-12.pdf;TruSeq LT Index 13;13.71;0.34;7.900413119;3;15.93;14;390;
B02;N1371-10;N1371-10;100;RRBS Library Preparation 2014-12-12.pdf;TruSeq LT Index 14;13.69;0.36;7.791645797;3;15.93;14;390;
C10;N828-15A;N828-15A;81.6;RRBS Library Preparation 2014-12-12.pdf;TruSeq LT Index 10;14.03;0.02;9.862327045;3;15.93;14;390;
C11;N1275-15B;N1275-15B;100;RRBS Library Preparation 2014-12-12.pdf;TruSeq LT Index 11;14;0.05;9.659363289;3;15.93;14;390;
D11;N2155-17;N2155-17;91.08;RRBS Library Preparation 2014-12-12.pdf;TruSeq LT Index 25;14.05;0;10;3;15.93;14;390;
D12;N2156-17;N2156-17;100;RRBS Library Preparation 2014-12-12.pdf;TruSeq LT Index 27;13.55;0.5;7.071067812;3;15.93;14;390;
E09;N2165-17;N2165-17;31.44;RRBS Library Preparation 2014-12-12.pdf;TruSeq LT Index 9;13.74;0.31;8.066417592;3;15.93;14;390;
A06;N1028-11;N1028-11;100;RRBS Library Preparation 2014-12-12.pdf;TruSeq LT Index 6;14.17;0;10;4;16.93;15;390;
A09;N1176-10;N1176-10;39.72;RRBS Library Preparation 2014-12-12.pdf;TruSeq LT Index 9;13.8;0.37;7.737824968;4;16.93;15;390;
A11;N1563-11;N1563-11;100;RRBS Library Preparation 2014-12-12.pdf;TruSeq LT Index 11;14.03;0.14;9.075191553;4;16.93;15;390;
C08;N1569-15B;N1569-15B;100;RRBS Library Preparation 2014-12-12.pdf;TruSeq LT Index 8;13.78;0.39;7.631296045;4;16.93;15;390;
D01;N234-14C;N234-14C;100;RRBS Library Preparation 2014-12-12.pdf;TruSeq LT Index 13;13.71;0.46;7.269862587;4;16.93;15;390;
D02;N2714-14B;N2714-14B;100;RRBS Library Preparation 2014-12-12.pdf;TruSeq LT Index 14;13.7;0.47;7.219645978;4;16.93;15;390;
D07;N2151-17;N2151-17;95.04;RRBS Library Preparation 2014-12-12.pdf;TruSeq LT Index 20;14.16;0.01;9.930924954;4;16.93;15;390;
D10;N2154-17;N2154-17;78.76;RRBS Library Preparation 2014-12-12.pdf;TruSeq LT Index 23;14.06;0.11;9.265880619;4;16.93;15;390;
F04;N2177-17;N2177-17;53.04;RRBS Library Preparation 2014-12-12.pdf;TruSeq LT Index 16;13.7;0.47;7.219645978;4;16.93;15;390;
A01;N1381-12;N1381-12;100;RRBS Library Preparation 2014-12-12.pdf;TruSeq LT Index 1;14.33;0;10;5;15.73;14;390;
A03;N1120-11;N1120-11;100;RRBS Library Preparation 2014-12-12.pdf;TruSeq LT Index 3;14.15;0.18;8.827029963;5;15.73;14;390;
A08;N1056-11;N1056-11;100;RRBS Library Preparation 2014-12-12.pdf;TruSeq LT Index 8;14.17;0.16;8.950250709;5;15.73;14;390;
A10;N1020-09A;N1020-09A;100;RRBS Library Preparation 2014-12-12.pdf;TruSeq LT Index 10;14.12;0.21;8.645372313;5;15.73;14;390;
E05;N2161-17;N2161-17;100;RRBS Library Preparation 2014-12-12.pdf;TruSeq LT Index 5;14.13;0.2;8.705505633;5;15.73;14;390;
E06;N2162-17;N2162-17;100;RRBS Library Preparation 2014-12-12.pdf;TruSeq LT Index 6;14.17;0.16;8.950250709;5;15.73;14;390;
F05;N2138-17;N2138-17;45.4;RRBS Library Preparation 2014-12-12.pdf;TruSeq LT Index 18;14.14;0.19;8.766057213;5;15.73;14;390;
F07;N1522-14A;N1522-14A;86.02;RRBS Library Preparation 2014-12-12.pdf;TruSeq LT Index 20;14.23;0.1;9.330329915;5;15.73;14;390;
F11;N2044-14;N2044-14;73.04;RRBS Library Preparation 2014-12-12.pdf;TruSeq LT Index 25;14.33;0;10;5;15.73;14;390;
G07;Graz 22;Graz 22;75.68;RRBS Library Preparation 2014-12-12.pdf;TruSeq LT Index 7;14.33;0;10;5;15.73;14;390;
C12;N1555-14C;N1555-14C;100;ul missing (+41) befor robot clean-up;TruSeq LT Index 12;15;0;10;6;16.85;15;390;
D09;N2153-17;N2153-17;73.48;RRBS Library Preparation 2014-12-12.pdf;TruSeq LT Index 22;14.49;0.51;7.022224379;6;16.85;15;390;
E07;N2163-17;N2163-17;100;RRBS Library Preparation 2014-12-12.pdf;TruSeq LT Index 7;14.45;0.55;6.830201284;6;16.85;15;390;
E08;N2164-17;N2164-17;100;RRBS Library Preparation 2014-12-12.pdf;TruSeq LT Index 8;14.17;0.83;5.625292423;6;16.85;15;390;
F01;N2174-17;N2174-17;55.38;RRBS Library Preparation 2014-12-12.pdf;TruSeq LT Index 13;14.25;0.75;5.946035575;6;16.85;15;390;
F08;N2600-14A;N2600-14A;90.2;RRBS Library Preparation 2014-12-12.pdf;TruSeq LT Index 21;14.26;0.74;5.987393523;6;16.85;15;390;
F12;N2140-17;N2140-17;85.8;RRBS Library Preparation 2014-12-12.pdf;TruSeq LT Index 27;14.22;0.78;5.823667932;6;16.85;15;390;
G05;N2145-17;N2145-17;77;RRBS Library Preparation 2014-12-12.pdf;TruSeq LT Index 5;14.2;0.8;5.743491775;6;16.85;15;390;
G06;Graz 21_1;Graz 21_1;84.92;RRBS Library Preparation 2014-12-12.pdf;TruSeq LT Index 6;14.31;0.69;6.1985385;6;16.85;15;390;
H07;Graz 37_1;Graz 37_1;100;RRBS Library Preparation 2014-12-12.pdf;TruSeq LT Index 20;14.35;0.65;6.372803137;6;16.85;15;390;
A05;N472-10;N472-10;100;RRBS Library Preparation 2014-12-12.pdf;TruSeq LT Index 5;14.23;0.97;5.105060629;7;17.08;15;393;
A07;N1388-10;N1388-10;100;RRBS Library Preparation 2014-12-12.pdf;TruSeq LT Index 7;14.54;0.66;6.32878297;7;17.08;15;393;
A12;N1956-12;N1956-12;78.76;RRBS Library Preparation 2014-12-12.pdf;TruSeq LT Index 12;15.2;0;10;7;17.08;15;393;
B03;N690-08;N690-08;100;RRBS Library Preparation 2014-12-12.pdf;TruSeq LT Index 15;14.4;0.8;5.743491775;7;17.08;15;393;
D05;N2148-17;N2148-17;100;RRBS Library Preparation 2014-12-12.pdf;TruSeq LT Index 18;14.44;0.76;5.904963307;7;17.08;15;393;
F09;N2139-17A;N2139-17A;77.44;RRBS Library Preparation 2014-12-12.pdf;TruSeq LT Index 22;14.49;0.71;6.113201388;7;17.08;15;393;
G04;N2144-17;N2144-17;77;RRBS Library Preparation 2014-12-12.pdf;TruSeq LT Index 4;14.55;0.65;6.372803137;7;17.08;15;393;
H08;Graz 38_2;Graz 38_2;100;RRBS Library Preparation 2014-12-12.pdf;TruSeq LT Index 21;14.46;0.74;5.987393523;7;17.08;15;393;
H10;Graz 41;Graz 41;100;RRBS Library Preparation 2014-12-12.pdf;TruSeq LT Index 23;14.48;0.72;6.070974422;7;17.08;15;393;
H11;Graz 42;Graz 42;90.64;RRBS Library Preparation 2014-12-12.pdf;TruSeq LT Index 25;14.61;0.59;6.64342907;7;17.08;15;393;
D03;N2146-17;N2146-17;100;RRBS Library Preparation 2014-12-12.pdf;TruSeq LT Index 15;14.61;1.09;4.697613746;8;17.54;16;393;
D06;N2149-17;N2149-17;100;RRBS Library Preparation 2014-12-12.pdf;TruSeq LT Index 19;14.65;1.05;4.829681645;8;17.54;16;393;
E04;N2160-17;N2160-17;100;RRBS Library Preparation 2014-12-12.pdf;TruSeq LT Index 4;14.61;1.09;4.697613746;8;17.54;16;393;
E11;N2171-17;N2171-17;25.29;RRBS Library Preparation 2014-12-12.pdf;TruSeq LT Index 11;14.57;1.13;4.569157251;8;17.54;16;393;
E12;N2172-17;N2172-17;18.09;RRBS Library Preparation 2014-12-12.pdf;TruSeq LT Index 12;15.7;0;10;8;17.54;16;393;
F02;N2175-17;N2175-17;88.44;RRBS Library Preparation 2014-12-12.pdf;TruSeq LT Index 14;14.62;1.08;4.730288234;8;17.54;16;393;
F10;N2507-14;N2507-14;73.48;RRBS Library Preparation 2014-12-12.pdf;TruSeq LT Index 23;14.63;1.07;4.76318999;8;17.54;16;393;
G08;Graz 23_4;Graz 23_4;73.04;RRBS Library Preparation 2014-12-12.pdf;TruSeq LT Index 8;14.55;1.15;4.506252313;8;17.54;16;393;
G09;Graz 25_1;Graz 25_1;51.04;RRBS Library Preparation 2014-12-12.pdf;TruSeq LT Index 9;14.59;1.11;4.632940309;8;17.54;16;393;
H09;Graz 39_2;Graz 39_2;100;RRBS Library Preparation 2014-12-12.pdf;TruSeq LT Index 22;14.99;0.71;6.113201388;8;17.54;16;393;
D08;N2152-17;N2152-17;75.68;RRBS Library Preparation 2014-12-12.pdf;TruSeq LT Index 21;14.64;1.2;4.352752816;9;17.7;16;393;
E02;N2158-17;N2158-17;100;RRBS Library Preparation 2014-12-12.pdf;TruSeq LT Index 12;15.84;0;10;9;17.7;16;393;
E10;N2170-17;N2170-17;10.8;RRBS Library Preparation 2014-12-12.pdf;TruSeq LT Index 10;15.25;0.59;6.64342907;9;17.7;16;393;
F03;N2176-17;N2176-17;77.88;RRBS Library Preparation 2014-12-12.pdf;TruSeq LT Index 15;15.38;0.46;7.269862587;9;17.7;16;393;
G01;N2141-17;N2141-17;100;RRBS Library Preparation 2014-12-12.pdf;TruSeq LT Index 1;15.71;0.13;9.138314502;9;17.7;16;393;
G02;N2142-17;N2142-17;39.6;RRBS Library Preparation 2014-12-12.pdf;TruSeq LT Index 8;15.2;0.64;6.417129488;9;17.7;16;393;
G03;N2143-17;N2143-17;52.8;RRBS Library Preparation 2014-12-12.pdf;TruSeq LT Index 3;14.86;0.98;5.069797399;9;17.7;16;393;
H04;Graz 34;Graz 34;95.92;RRBS Library Preparation 2014-12-12.pdf;TruSeq LT Index 16;14.65;1.19;4.383028607;9;17.7;16;393;
H05;Graz 35_3;Graz 35_3;69.3;RRBS Library Preparation 2014-12-12.pdf;TruSeq LT Index 18;14.49;1.35;3.922920489;9;17.7;16;393;
H06;Graz 36;Graz 36;100;RRBS Library Preparation 2014-12-12.pdf;TruSeq LT Index 19;14.91;0.93;5.248583418;9;17.7;16;393;
E01;N2157-17;N2157-17;64.68;RRBS Library Preparation 2014-12-12.pdf;TruSeq LT Index 1;15.32;1.23;4.263174459;10;18.35;16;393;
E03;N2159-17;N2159-17;100;RRBS Library Preparation 2014-12-12.pdf;TruSeq LT Index 3;15.13;1.42;3.737123122;10;18.35;16;393;
F06;N2358-14;N2358-14;86.02;RRBS Library Preparation 2014-12-12.pdf;TruSeq LT Index 19;15.65;0.9;5.358867313;10;18.35;16;393;
G10;Graz 26_1;Graz 26_1;100;RRBS Library Preparation 2014-12-12.pdf;TruSeq LT Index 10;15.35;1.2;4.352752816;10;18.35;16;393;
G11;Graz 27;Graz 27;100;RRBS Library Preparation 2014-12-12.pdf;TruSeq LT Index 11;15.32;1.23;4.263174459;10;18.35;16;393;
G12;Graz 30;Graz 30;100;RRBS Library Preparation 2014-12-12.pdf;TruSeq LT Index 12;16.2;0.35;7.845840979;10;18.35;16;393;
H01;Graz 31_2;Graz 31_2;100;RRBS Library Preparation 2014-12-12.pdf;TruSeq LT Index 13;15.53;1.02;4.931163522;10;18.35;16;393;
H02;Graz 32_2;Graz 32_2;100;RRBS Library Preparation 2014-12-12.pdf;TruSeq LT Index 14;15.89;0.66;6.32878297;10;18.35;16;393;
H03;Graz 33_4;Graz 33_4;100;RRBS Library Preparation 2014-12-12.pdf;TruSeq LT Index 15;16.55;0;10;10;18.35;16;393;
H12;Graz 45;Graz 45;84.04;RRBS Library Preparation 2014-12-12.pdf;TruSeq LT Index 27;14.76;1.79;2.89172046;10;18.35;16;393;
B11;N1160-15;N1160-15;100;RRBS Library Preparation 2014-12-12.pdf;TruSeq LT Index 25;11.92;0.555;6.1;1;15.55;14;403;
C05;N1491-15;N1491-15;100;RRBS Library Preparation 2014-12-12.pdf;TruSeq LT Index 5;12.365;0.11;8.3;1;15.55;14;403;
C07;N1543-14E ;N1543-14E ;100;RRBS Library Preparation 2014-12-12.pdf;TruSeq LT Index 7;12.2;0.275;7.4;1;15.55;14;403;
E06;N1021-08G1;N1021-08G1;100;RRBS Library Preparation 2014-12-12.pdf;TruSeq LT Index 6;12.415;0.06;8.6;1;15.55;14;403;
E09;N586-12;N586-12;100;RRBS Library Preparation 2014-12-12.pdf;TruSeq LT Index 9;11.625;0.85;5;1;15.55;14;403;
E11;N560-12C;N560-12C;100;RRBS Library Preparation 2014-12-12.pdf;TruSeq LT Index 11;11.895;0.58;6;1;15.55;14;403;
F02;N922-12A;N922-12A;100;RRBS Library Preparation 2014-12-12.pdf;TruSeq LT Index 14;12.475;0;9;1;15.55;14;403;
F07;N2699-14B;N2699-14B;100;RRBS Library Preparation 2014-12-12.pdf;TruSeq LT Index 20;11.755;0.72;5.5;1;15.55;14;403;
A05;N940-16;N940-16;100;RRBS Library Preparation 2014-12-12.pdf;TruSeq LT Index 5;13.37;0;9;2;16.41;14;403;
B01;N268-09;N268-09;100;RRBS Library Preparation 2014-12-12.pdf;TruSeq LT Index 13;12.78;0.59;6;2;16.41;14;403;
B12;N1236-14A;N1236-14A;100;RRBS Library Preparation 2014-12-12.pdf;TruSeq LT Index 27;12.645;0.725;5.4;2;16.41;14;403;
C08;N1576-15;N1576-15;100;RRBS Library Preparation 2014-12-12.pdf;TruSeq LT Index 8;12.75;0.62;5.9;2;16.41;14;403;
D07;N541-15;N541-15;100;RRBS Library Preparation 2014-12-12.pdf;TruSeq LT Index 20;11.81;1.56;3.1;2;16.41;14;403;
F04;N540-09A;N540-09A;100;RRBS Library Preparation 2014-12-12.pdf;TruSeq LT Index 16;12.745;0.625;5.8;2;16.41;14;403;
G09;N324-08;N324-08;100;RRBS Library Preparation 2014-12-12.pdf;TruSeq LT Index 9;12.36;1.01;4.5;2;16.41;14;403;
G11;N1173-07;N1173-07;100;RRBS Library Preparation 2014-12-12.pdf;TruSeq LT Index 11;11.935;1.435;3.3;2;16.41;14;403;
H11;N831-11;N831-11;100;RRBS Library Preparation 2014-12-12.pdf;TruSeq LT Index 25;12.74;0.63;5.8;2;16.41;14;403;
C02;N1383-14A;N1383-14A;100;RRBS Library Preparation 2014-12-12.pdf;TruSeq LT Index 25;13.175;0.51;6.3;3;16.7;15;403;
C11;N1883-14;N1883-14;100;RRBS Library Preparation 2014-12-12.pdf;TruSeq LT Index 11;12.72;0.965;4.6;3;16.7;15;403;
E03;N1043-09;N1043-09;100;RRBS Library Preparation 2014-12-12.pdf;TruSeq LT Index 3;13.075;0.61;5.9;3;16.7;15;403;
F01;N892-10;N892-10;100;RRBS Library Preparation 2014-12-12.pdf;TruSeq LT Index 13;13.2;0.485;6.4;3;16.7;15;403;
G06;N1509-08;N1509-08;100;RRBS Library Preparation 2014-12-12.pdf;TruSeq LT Index 6;13.105;0.58;6;3;16.7;15;403;
G10;N724-07;N724-07;100;RRBS Library Preparation 2014-12-12.pdf;TruSeq LT Index 10;12.94;0.745;5.4;3;16.7;15;403;
H04;N1248-06;N1248-06;100;RRBS Library Preparation 2014-12-12.pdf;TruSeq LT Index 16;13.685;0;9;3;16.7;15;403;
H08;N435-06;N435-06;100;RRBS Library Preparation 2014-12-12.pdf;TruSeq LT Index 21;12.875;0.81;5.1;3;16.7;15;403;
H10;N7-11;N7-11;100;RRBS Library Preparation 2014-12-12.pdf;TruSeq LT Index 23;13.09;0.595;6;3;16.7;15;403;
A01;N2712-15;N2712-15;100;RRBS Library Preparation 2014-12-12.pdf;TruSeq LT Index 1;13.115;0.34;7.1;4;16.05;14;404;
A08;N661-08G3;N661-08G3;100;RRBS Library Preparation 2014-12-12.pdf;TruSeq LT Index 8;13.405;0.05;8.7;4;16.05;14;404;
A09;N307-08C;N307-08C;100;RRBS Library Preparation 2014-12-12.pdf;TruSeq LT Index 9;13.455;0;9;4;16.05;14;404;
A11;N104-11B;N104-11B;100;RRBS Library Preparation 2014-12-12.pdf;TruSeq LT Index 11;12.15;1.305;3.6;4;16.05;14;404;
B04;N1290-12C;N1290-12C;100;RRBS Library Preparation 2014-12-12.pdf;TruSeq LT Index 16;13.38;0.075;8.5;4;16.05;14;404;
B08;N2207-13;N2207-13;100;RRBS Library Preparation 2014-12-12.pdf;TruSeq LT Index 21;13.285;0.17;8;4;16.05;14;404;
D11;N712-14;N712-14;100;RRBS Library Preparation 2014-12-12.pdf;TruSeq LT Index 25;13.315;0.14;8.2;4;16.05;14;404;
H01;N1653-07B;N1653-07B;100;RRBS Library Preparation 2014-12-12.pdf;TruSeq LT Index 13;13.305;0.15;8.1;4;16.05;14;404;
H07;N1225-11;N1225-11;100;RRBS Library Preparation 2014-12-12.pdf;TruSeq LT Index 20;13.425;0.03;8.8;4;16.05;14;404;
B02;N466-12A;N466-12A;100;RRBS Library Preparation 2014-12-12.pdf;TruSeq LT Index 14;13.645;0.325;7.2;5;18.16;16;404;
C06;N1541-14;N1541-14;100;RRBS Library Preparation 2014-12-12.pdf;TruSeq LT Index 6;13.97;0;9;5;18.16;16;404;
C09;N1672-14;N1672-14;100;RRBS Library Preparation 2014-12-12.pdf;TruSeq LT Index 9;13.665;0.305;7.3;5;18.16;16;404;
D04;N2606-15;N2606-15;100;RRBS Library Preparation 2014-12-12.pdf;TruSeq LT Index 16;13.87;0.1;8.4;5;18.16;16;404;
D05;N418-14;N418-14;100;RRBS Library Preparation 2014-12-12.pdf;TruSeq LT Index 18;13.56;0.41;6.8;5;18.16;16;404;
F08;N313-10;N313-10;100;RRBS Library Preparation 2014-12-12.pdf;TruSeq LT Index 21;13.68;0.29;7.4;5;18.16;16;404;
G04;N1563-09;N1563-09;100;RRBS Library Preparation 2014-12-12.pdf;TruSeq LT Index 4;13.81;0.16;8.1;5;18.16;16;404;
G05;N711-09;N711-09;100;RRBS Library Preparation 2014-12-12.pdf;TruSeq LT Index 5;13.695;0.275;7.4;5;18.16;16;404;
G07;N567-09C;N567-09C;100;RRBS Library Preparation 2014-12-12.pdf;TruSeq LT Index 7;13.885;0.085;8.5;5;18.16;16;404;
H12;N500-10;N500-10;100;RRBS Library Preparation 2014-12-12.pdf;TruSeq LT Index 27;13.75;0.22;7.7;5;18.16;16;404;
B07;N654-12B;N654-12B;100;RRBS Library Preparation 2014-12-12.pdf;TruSeq LT Index 20;14.045;0.12;8.3;6;17.5;16;404;
B09;N1711-10B;N1711-10B;100;RRBS Library Preparation 2014-12-12.pdf;TruSeq LT Index 22;14.145;0.02;8.9;6;17.5;16;404;
D08;N581-14A;N581-14A;100;RRBS Library Preparation 2014-12-12.pdf;TruSeq LT Index 21;14.12;0.045;8.7;6;17.5;16;404;
E08;N815-08;N815-08;100;RRBS Library Preparation 2014-12-12.pdf;TruSeq LT Index 8;14.03;0.135;8.2;6;17.5;16;404;
F06;N2611-14D;N2611-14D;100;RRBS Library Preparation 2014-12-12.pdf;TruSeq LT Index 19;14;0.165;8;6;17.5;16;404;
G01;N1277-10;N1277-10;100;RRBS Library Preparation 2014-12-12.pdf;TruSeq LT Index 1;14.055;0.11;8.3;6;17.5;16;404;
G02;N1516-10B;N1516-10B;100;RRBS Library Preparation 2014-12-12.pdf;TruSeq LT Index 14;13.875;0.29;7.4;6;17.5;16;404;
G03;N591-10;N591-10;100;RRBS Library Preparation 2014-12-12.pdf;TruSeq LT Index 3;14.165;0;9;6;17.5;16;404;
H05;N1254-06A;N1254-06A;100;RRBS Library Preparation 2014-12-12.pdf;TruSeq LT Index 18;13.95;0.215;7.8;6;17.5;16;404;
B06;N637-10;N637-10;100;RRBS Library Preparation 2014-12-12.pdf;TruSeq LT Index 19;14.33;0.795;5.2;7;17.44;15;404;
C04;N1448-14;N1448-14;100;RRBS Library Preparation 2014-12-12.pdf;TruSeq LT Index 4;14.225;0.9;4.8;7;17.44;15;404;
C10;N1875-14;N1875-14;100;RRBS Library Preparation 2014-12-12.pdf;TruSeq LT Index 10;14.92;0.205;7.8;7;17.44;15;404;
D10;N697-14;N697-14;100;RRBS Library Preparation 2014-12-12.pdf;TruSeq LT Index 23;14.215;0.91;4.8;7;17.44;15;404;
D12;N900-15B;N900-15B;100;RRBS Library Preparation 2014-12-12.pdf;TruSeq LT Index 27;14.24;0.885;4.9;7;17.44;15;404;
E05;N836-09G2;N836-09G2;100;RRBS Library Preparation 2014-12-12.pdf;TruSeq LT Index 5;14.225;0.9;4.8;7;17.44;15;404;
E12;N951-09B;N951-09B;100;RRBS Library Preparation 2014-12-12.pdf;TruSeq LT Index 12;14.18;0.945;4.7;7;17.44;15;404;
F03;N1390-13C;N1390-13C;100;RRBS Library Preparation 2014-12-12.pdf;TruSeq LT Index 15;15.125;0;9;7;17.44;15;404;
G08;N87-09B;N87-09B;100;RRBS Library Preparation 2014-12-12.pdf;TruSeq LT Index 8;14.205;0.92;4.8;7;17.44;15;404;
H02;N1381-07;N1381-07;100;RRBS Library Preparation 2014-12-12.pdf;TruSeq LT Index 14;14.215;0.91;4.8;7;17.44;15;404;
A02;N255-16;N255-16;100;RRBS Library Preparation 2014-12-12.pdf;TruSeq LT Index 15;15.165;0;9;8;17.78;16;404;
A03;N570-16;N570-16;100;RRBS Library Preparation 2014-12-12.pdf;TruSeq LT Index 3;14.245;0.92;4.8;8;17.78;16;404;
A04;N727-16;N727-16;100;RRBS Library Preparation 2014-12-12.pdf;TruSeq LT Index 4;14.245;0.92;4.8;8;17.78;16;404;
AK54 - A09;Graz 55_1;Graz 55_1;100;RRBS Library Preparation 2014-12-12.pdf;TruSeq LT Index 9;14.33;0.835;5;8;17.78;16;404;
D06;N487-16;N487-16;100;RRBS Library Preparation 2014-12-12.pdf;TruSeq LT Index 19;14.795;0.37;7;8;17.78;16;404;
D09;N592-15B;N592-15B;100;RRBS Library Preparation 2014-12-12.pdf;TruSeq LT Index 22;15.055;0.11;8.3;8;17.78;16;404;
E07;N1767-06B;N1767-06B;100;RRBS Library Preparation 2014-12-12.pdf;TruSeq LT Index 7;14.44;0.725;5.4;8;17.78;16;404;
E10;N2266-13;N2266-13;100;RRBS Library Preparation 2014-12-12.pdf;TruSeq LT Index 10;14.805;0.36;7;8;17.78;16;404;
F12;N1261-10B;N1261-10B;100;RRBS Library Preparation 2014-12-12.pdf;TruSeq LT Index 27;14.47;0.695;5.6;8;17.78;16;404;
G12;N144-06;N144-06;100;RRBS Library Preparation 2014-12-12.pdf;TruSeq LT Index 12;14.43;0.735;5.4;8;17.78;16;404;
A10;N473-09;N473-09;100;RRBS Library Preparation 2014-12-12.pdf;TruSeq LT Index 10;14.94;1.055;4.3;9;17.53;16;404;
B05;N1351-09B;N1351-09B;100;RRBS Library Preparation 2014-12-12.pdf;TruSeq LT Index 18;14.675;1.32;3.6;9;17.53;16;404;
C01;N1336-14A;N1336-14A;100;RRBS Library Preparation 2014-12-12.pdf;TruSeq LT Index 1;15.26;0.735;5.4;9;17.53;16;404;
C03;N1436-15;N1436-15;100;RRBS Library Preparation 2014-12-12.pdf;TruSeq LT Index 3;14.89;1.105;4.2;9;17.53;16;404;
C12;N2012-14;N2012-14;100;RRBS Library Preparation 2014-12-12.pdf;TruSeq LT Index 12;14.65;1.345;3.5;9;17.53;16;404;
D01;N2085-14B;N2085-14B;100;RRBS Library Preparation 2014-12-12.pdf;TruSeq LT Index 13;15.045;0.95;4.7;9;17.53;16;404;
D03;N2395-15;N2395-15;100;RRBS Library Preparation 2014-12-12.pdf;TruSeq LT Index 15;15.995;0;9;9;17.53;16;404;
E02;N834-13;N834-13;100;RRBS Library Preparation 2014-12-12.pdf;TruSeq LT Index 27;14.755;1.24;3.8;9;17.53;16;404;
F09;N1722-10;N1722-10;100;RRBS Library Preparation 2014-12-12.pdf;TruSeq LT Index 22;15.065;0.93;4.7;9;17.53;16;404;
F10;N296-09;N296-09;100;RRBS Library Preparation 2014-12-12.pdf;TruSeq LT Index 23;14.7;1.295;3.7;9;17.53;16;404;
H06;N1582-06Z;N1582-06Z;100;RRBS Library Preparation 2014-12-12.pdf;TruSeq LT Index 19;15.115;0.88;4.9;9;17.53;16;404;
A07;N1835-16;N1835-16;100;RRBS Library Preparation 2014-12-12.pdf;TruSeq LT Index 7;15.85;3.475;1.1;10;20.51;19;404;
A12;N1581-09B;N1581-09B;100;RRBS Library Preparation 2014-12-12.pdf;TruSeq LT Index 12;15.88;3.445;1.1;10;20.51;19;404;
AK54 - A01;Graz 46_2;Graz 46_2;69.52;RRBS Library Preparation 2014-12-12.pdf;TruSeq LT Index 1;15.405;3.92;0.8;10;20.51;19;404;
AK54 - A06;Graz 52;Graz 52;15.4;RRBS Library Preparation 2014-12-12.pdf;TruSeq LT Index 6;19.325;0;12;10;20.51;19;404;
AK54 - A10;Graz 56_2;Graz 56_2;70.4;RRBS Library Preparation 2014-12-12.pdf;TruSeq LT Index 10;15.23;4.095;0.7;10;20.51;19;404;
D02;N2242-15;N2242-15;100;RRBS Library Preparation 2014-12-12.pdf;TruSeq LT Index 14;15.75;3.575;1;10;20.51;19;404;
E04;N337-13;N337-13;100;RRBS Library Preparation 2014-12-12.pdf;TruSeq LT Index 4;15.635;3.69;0.9;10;20.51;19;404;
F05;N177-13;N177-13;100;RRBS Library Preparation 2014-12-12.pdf;TruSeq LT Index 18;15.805;3.52;1;10;20.51;19;404;
F11;N30-13;N30-13;100;RRBS Library Preparation 2014-12-12.pdf;TruSeq LT Index 25;15.25;4.075;0.7;10;20.51;19;404;
H03;N526-06;N526-06;100;RRBS Library Preparation 2014-12-12.pdf;TruSeq LT Index 15;16.325;3;1.5;10;20.51;19;404;
H09;N960-06;N960-06;100;RRBS Library Preparation 2014-12-12.pdf;TruSeq LT Index 22;15.44;3.885;0.8;10;20.51;19;404;
A06;N1298-16;N1298-16;100;RRBS Library Preparation 2014-12-12.pdf;TruSeq LT Index 6;16.865;0.66;5.7;11;18.79;17;405;
AK54 - A02;Graz 47;Graz 47;20.46;RRBS Library Preparation 2014-12-12.pdf;TruSeq LT Index 12;17.525;0;9;11;18.79;17;405;
AK54 - A03;Graz 49_2;Graz 49_2;19.58;RRBS Library Preparation 2014-12-12.pdf;TruSeq LT Index 3;16.09;1.435;3.3;11;18.79;17;405;
AK54 - A04;Graz 50_1;Graz 50_1;100;RRBS Library Preparation 2014-12-12.pdf;TruSeq LT Index 4;16.015;1.51;3.2;11;18.79;17;405;
AK54 - A05;Graz 51_1;Graz 51_1;100;RRBS Library Preparation 2014-12-12.pdf;TruSeq LT Index 5;16.795;0.73;5.4;11;18.79;17;405;
AK54 - A07;Graz 53;Graz 53;26.84;RRBS Library Preparation 2014-12-12.pdf;TruSeq LT Index 7;17.165;0.36;7;11;18.79;17;405;
AK54 - A08;Graz 54;Graz 54;100;RRBS Library Preparation 2014-12-12.pdf;TruSeq LT Index 8;16.525;1;4.5;11;18.79;17;405;
AK54 - A11;Graz 57;Graz 57;100;RRBS Library Preparation 2014-12-12.pdf;TruSeq LT Index 11;15.885;1.64;2.9;11;18.79;17;405;
B03;N1583-07;N1583-07;100;RRBS Library Preparation 2014-12-12.pdf;TruSeq LT Index 15;16.73;0.795;5.2;11;18.79;17;405;
E01;N579-12A;N579-12A;100;RRBS Library Preparation 2014-12-12.pdf;TruSeq LT Index 1;16.47;1.055;4.3;11;18.79;17;405;
D04;N570-16_fv;N570-16;100;RRBS Library Preparation 2014-12-12.pdf;TruSeq LT Index 16;9.56;1.045;4.8;1;14.14;12;405;
B10;N1543-14E_fv;N1543-14E ;100;RRBS Library Preparation 2014-12-12.pdf;TruSeq LT Index 23;9.58;1.025;4.9;1;14.14;12;405;
C02;N2085-14B_fv;N2085-14B;100;RRBS Library Preparation 2014-12-12.pdf;TruSeq LT Index 25;10.095;0.51;7;1;14.14;12;405;
B09;N1541-14_fv;N1541-14;100;RRBS Library Preparation 2014-12-12.pdf;TruSeq LT Index 22;10.115;0.49;7.1;1;14.14;12;405;
B06;N1436-15_fv;N1436-15;100;RRBS Library Preparation 2014-12-12.pdf;TruSeq LT Index 19;10.205;0.4;7.6;1;14.14;12;405;
B08;N1383-14A_fv;N1383-14A;100;RRBS Library Preparation 2014-12-12.pdf;TruSeq LT Index 21;10.21;0.395;7.6;1;14.14;12;405;
B05;N1160-15_fv;N1160-15;100;RRBS Library Preparation 2014-12-12.pdf;TruSeq LT Index 18;10.37;0.235;8.5;1;14.14;12;405;
A07;N779-12_fv;N779-12;100;RRBS Library Preparation 2014-12-12.pdf;TruSeq LT Index 7;10.41;0.195;8.7;1;14.14;12;405;
B12;N1883-14_fv;N1883-14;100;RRBS Library Preparation 2014-12-12.pdf;TruSeq LT Index 27;10.43;0.175;8.9;1;14.14;12;405;
B07;N581-14A_fv;N581-14A;100;RRBS Library Preparation 2014-12-12.pdf;TruSeq LT Index 20;10.545;0.06;9.6;1;14.14;12;405;
B02;N656-15_fv;N656-15;100;RRBS Library Preparation 2014-12-12.pdf;TruSeq LT Index 14;10.605;0;10;1;14.14;12;405;
B04;N592-15_fv;N592-15;100;RRBS Library Preparation 2014-12-12.pdf;TruSeq LT Index 16;10.03;0.77;5.9;2;14.26;12;405;
A02;N54-13_fv;N54-13;100;RRBS Library Preparation 2014-12-12.pdf;TruSeq LT Index 23;10.045;0.755;5.9;2;14.26;12;405;
B11;N1672-14_fv;N1672-14;100;RRBS Library Preparation 2014-12-12.pdf;TruSeq LT Index 25;10.335;0.465;7.2;2;14.26;12;405;
D08;N1835-16_fv;N1835-16;100;RRBS Library Preparation 2014-12-12.pdf;TruSeq LT Index 21;10.34;0.46;7.3;2;14.26;12;405;
D07;N1298-16_fv;N1298-16;100;RRBS Library Preparation 2014-12-12.pdf;TruSeq LT Index 20;10.55;0.25;8.4;2;14.26;12;405;
D06;N940-16_fv;N940-16;100;RRBS Library Preparation 2014-12-12.pdf;TruSeq LT Index 19;10.63;0.17;8.9;2;14.26;12;405;
C05;N2207-13_fv;N2207-13;100;RRBS Library Preparation 2014-12-12.pdf;TruSeq LT Index 5;10.735;0.065;9.6;2;14.26;12;405;
B01;N486-13_fv;N486-13;100;RRBS Library Preparation 2014-12-12.pdf;TruSeq LT Index 13;10.75;0.05;9.7;2;14.26;12;405;
D05;N724-16_fv;N724-16;100;RRBS Library Preparation 2014-12-12.pdf;TruSeq LT Index 18;10.755;0.045;9.7;2;14.26;12;405;
A09;N1020-10_fv;N1020-10;100;RRBS Library Preparation 2014-12-12.pdf;TruSeq LT Index 9;10.76;0.04;9.7;2;14.26;12;405;
A03;N1154-13_fv;N1154-13;100;RRBS Library Preparation 2014-12-12.pdf;TruSeq LT Index 3;10.8;0;10;2;14.26;12;405;
A05;N1917-12_fv;N1917-12;100;RRBS Library Preparation 2014-12-12.pdf;TruSeq LT Index 5;10.76;0.735;6;3;14.64;13;405;
A06;N1575-12_fv;N1575-12;100;RRBS Library Preparation 2014-12-12.pdf;TruSeq LT Index 6;10.805;0.69;6.2;3;14.64;13;405;
C08;N466-12A_fv;N466-12A;100;RRBS Library Preparation 2014-12-12.pdf;TruSeq LT Index 8;10.855;0.64;6.4;3;14.64;13;405;
C09;N560-12_fv;N560-12;100;RRBS Library Preparation 2014-12-12.pdf;TruSeq LT Index 9;10.925;0.57;6.7;3;14.64;13;405;
A01;N1196-13_fv;N1196-13;100;RRBS Library Preparation 2014-12-12.pdf;TruSeq LT Index 1;10.96;0.535;6.9;3;14.64;13;405;
A11;N2613-14_fv;N2613-14;100;RRBS Library Preparation 2014-12-12.pdf;TruSeq LT Index 11;11.2;0.295;8.2;3;14.64;13;405;
C03;N177-13_fv;N177-13;100;RRBS Library Preparation 2014-12-12.pdf;TruSeq LT Index 3;11.28;0.215;8.6;3;14.64;13;405;
C04;N1390-13_fv;N1390-13;100;RRBS Library Preparation 2014-12-12.pdf;TruSeq LT Index 4;11.285;0.21;8.6;3;14.64;13;405;
C10;N579-12_fv;N579-12;100;RRBS Library Preparation 2014-12-12.pdf;TruSeq LT Index 10;11.295;0.2;8.7;3;14.64;13;405;
D03;N255-16_fv;N255-16;100;RRBS Library Preparation 2014-12-12.pdf;TruSeq LT Index 15;11.335;0.16;9;3;14.64;13;405;
C12;N1290-12_fv;N1290-12;100;RRBS Library Preparation 2014-12-12.pdf;TruSeq LT Index 12;11.495;0;10;3;14.64;13;405;
C07;N337-13_fv;N337-13;100;RRBS Library Preparation 2014-12-12.pdf;TruSeq LT Index 7;10.895;0.77;5.9;4;14.75;13;405;
A08;N879-12_fv;N879-12;100;RRBS Library Preparation 2014-12-12.pdf;TruSeq LT Index 8;10.935;0.73;6;4;14.75;13;405;
D02;N2712-15_fv;N2712-15;100;RRBS Library Preparation 2014-12-12.pdf;TruSeq LT Index 14;10.965;0.7;6.2;4;14.75;13;405;
C06;N834-13_fv;N834-13;100;RRBS Library Preparation 2014-12-12.pdf;TruSeq LT Index 6;11.26;0.405;7.6;4;14.75;13;405;
D01;N654-12_fv;N654-12;100;RRBS Library Preparation 2014-12-12.pdf;TruSeq LT Index 13;11.26;0.405;7.6;4;14.75;13;405;
C11;N922-12_fv;N922-12;100;RRBS Library Preparation 2014-12-12.pdf;TruSeq LT Index 11;11.315;0.35;7.8;4;14.75;13;405;
C01;N2611-14_fv;N2611-14;100;RRBS Library Preparation 2014-12-12.pdf;TruSeq LT Index 1;11.355;0.31;8.1;4;14.75;13;405;
A04;N838-13_fv;N838-13;100;RRBS Library Preparation 2014-12-12.pdf;TruSeq LT Index 4;11.38;0.285;8.2;4;14.75;13;405;
A12;N1934-14_fv;N1934-14;100;RRBS Library Preparation 2014-12-12.pdf;TruSeq LT Index 12;11.495;0.17;8.9;4;14.75;13;405;
B03;N541-15_fv;N541-15;100;RRBS Library Preparation 2014-12-12.pdf;TruSeq LT Index 15;11.64;0.025;9.8;4;14.75;13;405;
A10;N1164-14_fv;N1164-14;100;RRBS Library Preparation 2014-12-12.pdf;TruSeq LT Index 10;11.665;0;10;4;14.75;13;405;
