plate position,N_number,sample,inputDNA,ProtocolVersion,adapter,Ct_postLigation,dCt,volumePool,pool,Ct_postConversion,enrichmentCycles,flowcell,flowcell_repeat
A12,M1211-15,M1211-15,6.38,RRBS Library Preparation 2014-12-12.pdf,TruSeq LT Index 12,17.835,0,15,5,19.33,17,212,
F10,N1020-10_f,N1020-10 – Frozen – DNA,100,RRBS Library Preparation 2014-12-12.pdf,TruSeq LT Index 23,9.185,0.285,13.13186574,1,13.38,11,215,
H04,N1020-10_tr3,N1020-10_test run 3,100,RRBS Library Preparation 2014-12-12.pdf,TruSeq LT Index 16,17.4,0.33,12.72858374,7,20.06,18,215,
A04,N1025-10,N1025-10_AdelheidWoehrer,100,RRBS Library Preparation 2014-12-12.pdf,TruSeq LT Index 4,12.1,2.175,3.321628197,2,17.27,15.27,196,198
E09,N1059-07A,N1059-07A_Glioblastoma,100,RRBS Library Preparation 2014-12-12.pdf,TruSeq LT Index 9,14.51,0.555,10.20985587,4,16.5,15,202,
A07,N1-08,N1-08_AdelheidWoehrer,100,RRBS Library Preparation 2014-12-12.pdf,TruSeq LT Index 7,11.495,2.18,3.310136236,1,15.78,13.78,196,198
E10,N1096-14 B,N1096-14 B,100,RRBS Library Preparation 2014-12-12.pdf,TruSeq LT Index 10,13.62,0.84,8.379653536,1,17.06,15,212,
F01,N1106-05,N1106-05_Glioblastoma,100,AK09 pool 8 new barcodes,TruSeq LT Index 13,13.96,0,15,7a,17.11,15,210,
A05,N1109-10,N1109-10_AdelheidWoehrer,100,RRBS Library Preparation 2014-12-12.pdf,TruSeq LT Index 5,16.07,0.905,8.01049056,4,19.81,17.81,198,
G02,N1131-12_f,N1131-12 – Frozen – DNA,100,RRBS Library Preparation 2014-12-12.pdf,TruSeq LT Index 2,9.47,0,16,1,13.38,11,215,
C07,N1132-12B,N1132-12B_Glioblastoma,100,RRBS Library Preparation 2014-12-12.pdf,TruSeq LT Index 7,15.45,0.37,11.60673745,5,17.52,16,202,
C09,N1135-15F,N1135-15F,100,RRBS Library Preparation 2014-12-12.pdf,TruSeq LT Index 9,15.14,0.22,13.73704698,4,17.48,15,215,
C02,N115-14,N115-14,100,RRBS Library Preparation 2014-12-12.pdf,TruSeq LT Index 2,17.705,0.025,15.72512958,7,20.06,18,215,
G07,N1154/55-13_f,N1154/55-13 – Frozen – DNA,100,RRBS Library Preparation 2014-12-12.pdf,TruSeq LT Index 7,8.915,0.555,10.89051293,1,13.38,11,215,
D02,N1154-13,N1154-13_Glioblastoma,24.64,RRBS Library Preparation 2014-12-12.pdf,TruSeq LT Index 14,16.29,0.12,13.80281476,6,17.25,15,202,
E01,N1161-06,N1161-06_Glioblastoma,85.8,RRBS Library Preparation 2014-12-12.pdf,TruSeq LT Index 1,16.17,2.2,3.264564612,7,18.63,17,202,
D04,N1165-14A,N1165-14A_Glioblastoma,100,RRBS Library Preparation 2014-12-12.pdf,TruSeq LT Index 16,16.41,0,15,6,17.25,15,202,
A01,N1168-05A,N1168-05A_AdelheidWoehrer,100,RRBS Library Preparation 2014-12-12.pdf,TruSeq LT Index 1,15.6,1.375,5.783290595,4,19.81,17.81,198,
G12,N1180-10B_tr3,N1180-10B_test run 3/N1180-10B_tr3 new sample name ,100,RRBS Library Preparation 2014-12-12.pdf,TruSeq LT Index 12,14.91,0.45,11.71268557,4,17.48,15,215,
G11,N1180-15,N1180-15_Glioblastoma,100,RRBS Library Preparation 2014-12-12.pdf,TruSeq LT Index 11,20.005,1.2,6.529129225,9,22.32,20,210,
G12,N1181-15,N1181-15_Glioblastoma,100,RRBS Library Preparation 2014-12-12.pdf,TruSeq LT Index 12,15.905,0,15,7b,18.1,16,210,
H01,N1182-15,N1182-15_Glioblastoma,52.36,RRBS Library Preparation 2014-12-12.pdf,TruSeq LT Index 13,16.485,1.42,5.605684682,8,19.78,18,210,
H02,N1186-15,N1186-15_Glioblastoma,100,RRBS Library Preparation 2014-12-12.pdf,TruSeq LT Index 14,15.5,2.405,2.832136098,8,19.78,18,210,
H03,N1187-15,N1187-15_Glioblastoma,100,RRBS Library Preparation 2014-12-12.pdf,TruSeq LT Index 15,18.025,3.18,1.655068118,9,22.32,20,210,
H04,N1188-15,N1188-15_Glioblastoma,100,RRBS Library Preparation 2014-12-12.pdf,TruSeq LT Index 16,15.885,0.02,14.79349057,7b,18.1,16,210,
H05,N1189-15A,N1189-15A_Glioblastoma,5.236,RRBS Library Preparation 2014-12-12.pdf,TruSeq LT Index 18,20.115,1.09,7.046420619,9,22.32,20,210,
H06,N1190-15,N1190-15_Glioblastoma,100,RRBS Library Preparation 2014-12-12.pdf,TruSeq LT Index 19,17.45,0.455,10.94265258,8,19.78,18,210,
A01,N1191-15,N1191-15,51.92,RRBS Library Preparation 2014-12-12.pdf,TruSeq LT Index 1,17.235,0.6,9.896309331,5,19.33,17,212,
A02,N1192-15,N1192-15,21.428,RRBS Library Preparation 2014-12-12.pdf,TruSeq LT Index 2,17.145,0.245,12.65723694,4,18.33,16,212,
D08,N1195-13 A,N1195-13 A,31.24,RRBS Library Preparation 2014-12-12.pdf,TruSeq LT Index 21,18.395,2.785,2.321407829,9,22.75,21,216,
A03,N1195-15,N1195-15,6.556,RRBS Library Preparation 2014-12-12.pdf,TruSeq LT Index 3,18.105,1.345,5.904809824,6,20.8,19,212,
A04,N1196-15,N1196-15,100,RRBS Library Preparation 2014-12-12.pdf,TruSeq LT Index 4,13.745,1.605,4.931035351,2,16.94,15,212,
B01,N1197-15,N1197-15_AdelheidWoehrer,100,RRBS Library Preparation 2014-12-12.pdf,TruSeq LT Index 13,13.575,0.7,9.2335831,2,17.27,15.27,196,198
B02,N1198-15,N1198-15_AdelheidWoehrer,100,RRBS Library Preparation 2014-12-12.pdf,TruSeq LT Index 14,15.38,0.145,13.56569066,3,18.05,16.05,198,
E01,N1199-15 BIII,N1199-15 BIII,36.3,RRBS Library Preparation 2014-12-12.pdf,TruSeq LT Index 1,17.055,0.675,10.02131551,7,20.06,18,215,
B10,N1199-15B,N1199-15B_AdelheidWoehrer,100,RRBS Library Preparation 2014-12-12.pdf,TruSeq LT Index 23,14.27,0.005,14.94810394,2,17.27,15.27,196,198
D11,N1199-15B I,N1199-15B I,22.88,RRBS Library Preparation 2014-12-12.pdf,TruSeq LT Index 25,18.345,2.67,2.514026749,8,22.67,21,216,
D12,N1199-15B II,N1199-15B II,29.48,RRBS Library Preparation 2014-12-12.pdf,TruSeq LT Index 27,16.99,0,16,6a,18.79,17,215,
B11,N1200-15,N1200-15_AdelheidWoehrer,100,RRBS Library Preparation 2014-12-12.pdf,TruSeq LT Index 25,15.525,0,15,3,18.05,16.05,198,
E02,N1200-15 I,N1200-15 I,100,RRBS Library Preparation 2014-12-12.pdf,TruSeq LT Index 2,18.19,2.825,2.25792881,8,22.67,21,216,
E03,N1200-15 II,N1200-15 II,17.16,RRBS Library Preparation 2014-12-12.pdf,TruSeq LT Index 3,17.36,0.37,12.38051995,7,20.06,18,215,
E04,N1200-15 III,N1200-15 III,61.6,RRBS Library Preparation 2014-12-12.pdf,TruSeq LT Index 4,15.545,0.685,9.952093226,5,18.83,17,215,
B12,N1201-15,N1201-15_AdelheidWoehrer,100,RRBS Library Preparation 2014-12-12.pdf,TruSeq LT Index 27,15.27,0.255,12.56980702,3,18.05,16.05,198,
E05,N1201-15 I,N1201-15 I,100,RRBS Library Preparation 2014-12-12.pdf,TruSeq LT Index 5,16.105,0.125,14.67206469,5,18.83,17,215,
E06,N1201-15 II,N1201-15 II,30.58,RRBS Library Preparation 2014-12-12.pdf,TruSeq LT Index 6,17.51,0.22,13.73704698,7,20.06,18,215,
E07,N1201-15 III,N1201-15 III,100,RRBS Library Preparation 2014-12-12.pdf,TruSeq LT Index 7,13.815,1.105,7.438439541,3,17.9,16,215,
A09,N1202-15,N1202-15_AdelheidWoehrer,100,RRBS Library Preparation 2014-12-12.pdf,TruSeq LT Index 9,15.995,0.98,7.604696098,4,19.81,17.81,198,
A10,N1203-15,N1203-15_AdelheidWoehrer,100,RRBS Library Preparation 2014-12-12.pdf,TruSeq LT Index 10,19.865,0,15,6,21.74,19.74,198,
A05,N1204-15,N1204-15,100,RRBS Library Preparation 2014-12-12.pdf,TruSeq LT Index 5,18.135,1.315,6.028882431,6,20.8,19,212,
A06,N1205-15,N1205-15,100,RRBS Library Preparation 2014-12-12.pdf,TruSeq LT Index 6,15.675,0.59,9.965143606,3,17.81,16,212,
A07,N1206-15,N1206-15,100,RRBS Library Preparation 2014-12-12.pdf,TruSeq LT Index 7,13.825,1.525,5.212193324,2,16.94,15,212,
A08,N1207-15,N1207-15,59.4,RRBS Library Preparation 2014-12-12.pdf,TruSeq LT Index 8,18.45,1,7.5,6,20.8,19,212,
A09,N1208-15 B,N1208-15 B,100,RRBS Library Preparation 2014-12-12.pdf,TruSeq LT Index 9,16.265,0,15,3,17.81,16,212,
A10,N1209-15,N1209-15,100,RRBS Library Preparation 2014-12-12.pdf,TruSeq LT Index 10,14.115,1.235,6.372637494,2,16.94,15,212,
A11,N1210-15 B,N1210-15 B,100,RRBS Library Preparation 2014-12-12.pdf,TruSeq LT Index 11,12.98,1.48,5.37733218,1,17.06,15,212,
B01,N1212-15,N1212-15,9.196,RRBS Library Preparation 2014-12-12.pdf,TruSeq LT Index 13,17.41,0.425,11.17258097,5,19.33,17,212,
B02,N1213-15,N1213-15,10.032,RRBS Library Preparation 2014-12-12.pdf,TruSeq LT Index 14,18.49,0.96,7.7108537,6,20.8,19,212,
C01,N1218-15,N1218-15_AdelheidWoehrer,100,RRBS Library Preparation 2014-12-12.pdf,TruSeq LT Index 1,14.185,0.09,14.09284124,2,17.27,15.27,196,198
E08,N1218-15 I,N1218-15 I,1.98,RRBS Library Preparation 2014-12-12.pdf,TruSeq LT Index 8,18.16,2.855,2.211461307,8,22.67,21,216,
E09,N1218-15 II,N1218-15 II,100,RRBS Library Preparation 2014-12-12.pdf,TruSeq LT Index 9,15.43,0.8,9.18958684,5,18.83,17,215,
E10,N1218-15 III,N1218-15 III,74.8,RRBS Library Preparation 2014-12-12.pdf,TruSeq LT Index 10,15.255,0.105,14.87687908,4,17.48,15,215,
C02,N1219-15,N1219-15_AdelheidWoehrer,100,RRBS Library Preparation 2014-12-12.pdf,TruSeq LT Index 2,13.675,0,15,1,15.78,13.78,196,198
E11,N1219-15 I,N1219-15 I,100,RRBS Library Preparation 2014-12-12.pdf,TruSeq LT Index 11,13.71,1.21,6.91629785,3,17.9,16,215,
E12,N1219-15 II,N1219-15 II,69.52,RRBS Library Preparation 2014-12-12.pdf,TruSeq LT Index 12,17.935,3.08,1.892115293,8,22.67,21,216,
A01,N1220-15,N1220-15_Glioblastoma,100,RRBS Library Preparation 2014-12-12.pdf,TruSeq LT Index 1,15.16,0.66,9.493174455,5,17.52,16,202,
F01,N1220-15 I,N1220-15 I,100,RRBS Library Preparation 2014-12-12.pdf,TruSeq LT Index 13,14.995,0.365,12.423502,4,17.48,15,215,
F02,N1220-15 II,N1220-15 II,25.08,RRBS Library Preparation 2014-12-12.pdf,TruSeq LT Index 14,18.93,2.25,3.363585661,9,22.75,21,216,
F03,N1220-15 III,N1220-15 III,100,RRBS Library Preparation 2014-12-12.pdf,TruSeq LT Index 15,19.93,1.25,6.727171322,9,22.75,21,216,
B08,N1221-15,N1221-15_AdelheidWoehrer,100,RRBS Library Preparation 2014-12-12.pdf,TruSeq LT Index 21,13.33,0.345,11.80961965,1,15.78,13.78,196,198
B09,N1222-15,N1222-15_AdelheidWoehrer,100,RRBS Library Preparation 2014-12-12.pdf,TruSeq LT Index 22,16.07,0.905,8.01049056,4,19.81,17.81,198,
B03,N1223-15,N1223-15_Glioblastoma,34.98,RRBS Library Preparation 2014-12-12.pdf,TruSeq LT Index 15,18.37,0,15,7,18.63,17,202,
B04,N1224-15B,N1224-15B_Glioblastoma,100,RRBS Library Preparation 2014-12-12.pdf,TruSeq LT Index 16,14.01,0.36,11.68746869,3,15.1,13,210,
F03,N1225-15A,N1225-15A_Glioblastoma,100,AK09 pool 8 new barcodes,TruSeq LT Index 15,17.425,0.48,10.75466436,8,19.78,18,210,
B03,N1226-15,N1226-15,100,RRBS Library Preparation 2014-12-12.pdf,TruSeq LT Index 15,18.255,1.195,6.551796719,6,20.8,19,212,
B04,N1227-15,N1227-15,100,RRBS Library Preparation 2014-12-12.pdf,TruSeq LT Index 16,15.35,0,15,2,16.94,15,212,
B05,N1228-15,N1228-15,11.396,RRBS Library Preparation 2014-12-12.pdf,TruSeq LT Index 18,20.77,0,15,7,22.19,20,212,
B06,N1229-15 A,N1229-15 A,71.28,RRBS Library Preparation 2014-12-12.pdf,TruSeq LT Index 19,19.46,1.31,6.049813194,7,22.19,20,212,
A11,N1230-15,N1230-15_AdelheidWoehrer,100,RRBS Library Preparation 2014-12-12.pdf,TruSeq LT Index 11,16.54,1.825,4.233616518,5,21.29,19.29,198,
A12,N1231-15,N1231-15_AdelheidWoehrer,100,RRBS Library Preparation 2014-12-12.pdf,TruSeq LT Index 12,16.665,0.31,12.09962639,4,19.81,17.81,198,
B06,N1232-15,N1232-15_Glioblastoma,100,RRBS Library Preparation 2014-12-12.pdf,TruSeq LT Index 19,15.905,0.505,10.56990566,6,17.25,15,202,
B07,N1233-15,N1233-15_Glioblastoma,100,RRBS Library Preparation 2014-12-12.pdf,TruSeq LT Index 20,17.24,1.13,6.853735877,7,18.63,17,202,
B08,N1234-15,N1234-15_Glioblastoma,100,RRBS Library Preparation 2014-12-12.pdf,TruSeq LT Index 21,15.56,0.85,8.321771041,6,17.25,15,202,
B07,N1235-15 A,N1235-15 A,100,RRBS Library Preparation 2014-12-12.pdf,TruSeq LT Index 20,16.06,0.205,13.01308031,3,17.81,16,212,
B08,N1236-15,N1236-15,34.1,RRBS Library Preparation 2014-12-12.pdf,TruSeq LT Index 21,19.035,0.415,11.25029242,6,20.8,19,212,
A02,N1237-15,N1237-15_Glioblastoma,90.64,RRBS Library Preparation 2014-12-12.pdf,TruSeq LT Index 2,14.01,1.055,7.219458323,4,16.5,15,202,
A03,N1238-15,N1238-15_Glioblastoma,100,RRBS Library Preparation 2014-12-12.pdf,TruSeq LT Index 3,11.615,2.755,2.222048946,3,15.1,13,210,
A04,N1239-15,N1239-15_Glioblastoma,100,RRBS Library Preparation 2014-12-12.pdf,TruSeq LT Index 4,11.66,2.15,3.379689235,2,15.06,13,209,
B09,N1241-15,N1241-15,100,RRBS Library Preparation 2014-12-12.pdf,TruSeq LT Index 22,18.26,1.19,6.57454291,6,20.8,19,212,
B10,N1242-15 A,N1242-15 A,100,RRBS Library Preparation 2014-12-12.pdf,TruSeq LT Index 23,15.49,0.775,8.765829364,3,17.81,16,212,
B11,N1243-15,N1243-15,100,RRBS Library Preparation 2014-12-12.pdf,TruSeq LT Index 25,16.64,1.195,6.551796719,5,19.33,17,212,
B12,N1245-15,N1245-15,100,RRBS Library Preparation 2014-12-12.pdf,TruSeq LT Index 27,14.59,0.76,8.857444961,2,16.94,15,212,
C01,N1246-15,N1246-15,100,RRBS Library Preparation 2014-12-12.pdf,TruSeq LT Index 1,17.015,0.375,11.56658119,4,18.33,16,212,
C02,N1247-15,N1247-15,100,RRBS Library Preparation 2014-12-12.pdf,TruSeq LT Index 2,17.345,0.49,10.68037647,5,19.33,17,212,
B01,N1248-04,N1248-04_Glioblastoma,26.18,RRBS Library Preparation 2014-12-12.pdf,TruSeq LT Index 13,17.17,1.2,6.529129225,7,18.63,17,202,
B03,N1250-15,N1250-15_AdelheidWoehrer,100,RRBS Library Preparation 2014-12-12.pdf,TruSeq LT Index 15,14.64,0.885,8.122312841,3,18.05,16.05,198,
F04,N1250-15 I,N1250-15 I,100,RRBS Library Preparation 2014-12-12.pdf,TruSeq LT Index 16,18.54,2.475,2.87786716,8,22.67,21,216,
F05,N1250-15 II,N1250-15 II,100,RRBS Library Preparation 2014-12-12.pdf,TruSeq LT Index 18,20.345,0.67,10.056107,8,22.67,21,216,
F06,N1250-15 III,N1250-15 III,100,RRBS Library Preparation 2014-12-12.pdf,TruSeq LT Index 19,15.935,0.295,13.04115732,5,18.83,17,215,
B04,N1252-15A,N1252-15A_AdelheidWoehrer,44,RRBS Library Preparation 2014-12-12.pdf,TruSeq LT Index 16,12.875,0.8,8.615237662,1,15.78,13.78,196,198
F07,N1252-15A I,N1252-15A I,100,RRBS Library Preparation 2014-12-12.pdf,TruSeq LT Index 20,14.315,0.605,10.51954208,3,17.9,16,215,
F08,N1252-15A II,N1252-15A II,2.2,RRBS Library Preparation 2014-12-12.pdf,TruSeq LT Index 21,18.225,2.79,2.313376368,8,22.67,21,216,
F09,N1252-15A III,N1252-15A III,31.9,RRBS Library Preparation 2014-12-12.pdf,TruSeq LT Index 22,21.015,0,16,8,22.67,21,216,
D10,N1267-07,N1267-07_Glioblastoma,100,RRBS Library Preparation 2014-12-12.pdf,TruSeq LT Index 23,10.79,2.065,3.584794941,1,14.12,12,209,
,N1267-07_rr,N1267-07_Glioblastoma/N1267-07_rr (new sample name),100,RRBS Library Preparation 2014-12-12.pdf,TruSeq LT Index 23,10.79,2.43,2.969047141,2,16.17,14,215,
F06,N127-05A,N127-05A_Glioblastoma,33.12,AK09 pool 8 new barcodes- not enought DNA left,TruSeq LT Index 19,19.06,2.145,3.391422666,9,22.32,20,210,
H02,N1279-07A_tr3,N1279-07A_test run 3,100,RRBS Library Preparation 2014-12-12.pdf,TruSeq LT Index 14,15.465,0.765,9.415253898,5,18.83,17,215,
F08,N1279-14A,N1279-14A_Glioblastoma,45,AK09 pool 8 new barcodes- not enought DNA left,TruSeq LT Index 21,15.73,0.175,13.28651279,7b,18.1,16,210,
A01,N1283-13 B,N1283-13 B,100,RRBS Library Preparation 2014-12-12.pdf,TruSeq LT Index 1,14.385,0.535,11.04253883,3,17.9,16,215,
D02,N1315-11 B,N1315-11 B,51.04,RRBS Library Preparation 2014-12-12.pdf,TruSeq LT Index 14,19.525,1.245,6.328618471,7,22.19,20,212,
H01,N1317-12_tr3,N1317-12_test run 3,36.08,RRBS Library Preparation 2014-12-12.pdf,TruSeq LT Index 13,16.08,0.15,14.4200074,5,18.83,17,215,
E02,N1322-08A,N1322-08A_Glioblastoma,100,RRBS Library Preparation 2014-12-12.pdf,TruSeq LT Index 2,13.31,0.5,10.60660172,2,15.06,13,209,
D02,N1330-09,N1330-09,100,RRBS Library Preparation 2014-12-12.pdf,TruSeq LT Index 14,16.15,0.84,8.938297105,6a,18.79,17,215,
F10,N1388-04,N1388-04_Glioblastoma,4.95,AK09 pool 8 new barcodes- not enought DNA left,TruSeq LT Index 23,17.91,3.295,1.528260623,9,22.32,20,210,
A09,N139-03C,N139-03C_Glioblastoma,100,RRBS Library Preparation 2014-12-12.pdf,TruSeq LT Index 9,15.145,0.675,9.39498329,5,17.52,16,202,
D12,N1404-13,N1404-13_Glioblastoma,100,RRBS Library Preparation 2014-12-12.pdf,TruSeq LT Index 27,12.085,0.77,8.796262119,1,14.12,12,209,
G01,N1404-13_f,N1404-13 – Frozen – DNA,100,RRBS Library Preparation 2014-12-12.pdf,TruSeq LT Index 1,9.29,0.18,14.12324794,1,13.38,11,215,
A08,N1420-08,N1420-08_AdelheidWoehrer,100,RRBS Library Preparation 2014-12-12.pdf,TruSeq LT Index 8,14.305,1.22,6.439240773,3,18.05,16.05,198,
B07,N1436-06,N1436-06_AdelheidWoehrer,100,RRBS Library Preparation 2014-12-12.pdf,TruSeq LT Index 20,14.275,0,15,2,17.27,15.27,196,198
D07,N1471-11A,N1471-11A_AdelheidWoehrer,100,RRBS Library Preparation 2014-12-12.pdf,TruSeq LT Index 20,18.365,0,15,5,21.29,19.29,198,
E06,N1496-13 C,N1496-13 C,100,RRBS Library Preparation 2014-12-12.pdf,TruSeq LT Index 6,14.205,1.145,6.782845332,2,16.94,15,212,
F03,N1510-11,N1510-11_Glioblastoma,100,RRBS Library Preparation 2014-12-12.pdf,TruSeq LT Index 15,15.61,0.8,8.615237662,6,17.25,15,202,
C04,N1518-07A,N1518-07A_Glioblastoma,100,RRBS Library Preparation 2014-12-12.pdf,TruSeq LT Index 4,11.64,1.215,6.461596198,1,14.12,12,209,
F12,N1575-78-12_f,N1575-78-12 – Frozen – DNA,100,RRBS Library Preparation 2014-12-12.pdf,TruSeq LT Index 27,9.125,0.345,12.59692763,1,13.38,11,215,
D11,N1576-12,N1576-12_Glioblastoma,100,RRBS Library Preparation 2014-12-12.pdf,TruSeq LT Index 25,13.555,0.815,8.526127299,3,15.1,13,210,
E04,N158-07,N158-07_Glioblastoma,94.16,RRBS Library Preparation 2014-12-12.pdf,TruSeq LT Index 4,12.495,1.875,4.089403997,3,15.1,13,210,
G04,N1592-95-12_f,N1592-95-12 – Frozen – DNA,100,RRBS Library Preparation 2014-12-12.pdf,TruSeq LT Index 4,8.36,1.11,7.412704495,1,13.38,11,215,
C01,N1593-12,N1593-12_Glioblastoma,100,RRBS Library Preparation 2014-12-12.pdf,TruSeq LT Index 1,12.855,0,15,1,14.12,12,209,
F07,N1649-12,N1649-12_Glioblastoma,29.19,AK09 pool 8 new barcodes- not enought DNA left,TruSeq LT Index 20,17.16,0.745,8.950018073,8,19.78,18,210,
A02,N1677-06,N1677-06_AdelheidWoehrer,100,RRBS Library Preparation 2014-12-12.pdf,TruSeq LT Index 2,14,0.275,12.39675477,2,17.27,15.27,196,198
A06,N1734-10,N1734-10_AdelheidWoehrer,100,RRBS Library Preparation 2014-12-12.pdf,TruSeq LT Index 6,15.175,0.35,11.76876147,3,18.05,16.05,198,
C06,N1735-09,N1735-09_Glioblastoma,100,RRBS Library Preparation 2014-12-12.pdf,TruSeq LT Index 6,16.16,2.21,3.242014617,7,18.63,17,202,
F04,N174-14v,N174-14v_Glioblastoma,22.22,RRBS Library Preparation 2014-12-12.pdf,TruSeq LT Index 16,15.82,0,15,5,17.52,16,202,
D04,N1764-06,N1764-06,100,RRBS Library Preparation 2014-12-12.pdf,TruSeq LT Index 16,15.615,0.615,10.4468783,5,18.83,17,215,
D11,N1783-14,N1783-14_AdelheidWoehrer,100,RRBS Library Preparation 2014-12-12.pdf,TruSeq LT Index 25,17.815,0.55,10.24530193,5,21.29,19.29,198,
C12,N1814-09A,N1814-09A_Glioblastoma,100,RRBS Library Preparation 2014-12-12.pdf,TruSeq LT Index 12,15.965,0.445,11.01876475,6,17.25,15,202,
F01,N1834-15,N1834-15,100,RRBS Library Preparation 2014-12-12.pdf,TruSeq LT Index 13,13.155,1.305,6.070816624,1,17.06,15,212,
G03,N1844-13_f,N1844-13 – Frozen – DNA,100,RRBS Library Preparation 2014-12-12.pdf,TruSeq LT Index 3,8.59,0.88,8.6938789,1,13.38,11,215,
C08,N1844-13B,N1844-13B_Glioblastoma,100,RRBS Library Preparation 2014-12-12.pdf,TruSeq LT Index 8,16.205,0.205,13.01308031,6,17.25,15,202,
F11,N1916-12_f,N1916-12 – Frozen – DNA,100,RRBS Library Preparation 2014-12-12.pdf,TruSeq LT Index 25,9.155,0.315,12.86161585,1,13.38,11,215,
C05,N1935-14,N1935-14,27.94,RRBS Library Preparation 2014-12-12.pdf,TruSeq LT Index 5,19.32,1.86,4.407620464,9,22.75,21,216,
D03,N194-05 A,N194-05 A,100,RRBS Library Preparation 2014-12-12.pdf,TruSeq LT Index 15,17.255,3.76,1.180992661,8,22.67,21,216,
B12,N203-13A,N203-13A_Glioblastoma,100,RRBS Library Preparation 2014-12-12.pdf,TruSeq LT Index 27,13.81,0,15,2,15.06,13,209,
F01,N204-11,N204-11_Glioblastoma,100,RRBS Library Preparation 2014-12-12.pdf,TruSeq LT Index 13,13.575,0.235,12.74527499,2,15.06,13,209,
E04,N2041-14 D,N2041-14 D,100,RRBS Library Preparation 2014-12-12.pdf,TruSeq LT Index 4,13.505,0.955,7.737623845,1,17.06,15,212,
C04,N2083-13 A,N2083-13 A,100,RRBS Library Preparation 2014-12-12.pdf,TruSeq LT Index 4,16.135,1.595,5.296355642,7,20.06,18,215,
D12,N2189-15,N2189-15,100,RRBS Library Preparation 2014-12-12.pdf,TruSeq LT Index 27,15.125,1.14,6.806393665,3,17.81,16,212,
E03,N225-06,N225-06_Glioblastoma,100,RRBS Library Preparation 2014-12-12.pdf,TruSeq LT Index 3,11.455,2.355,2.932011162,2,15.06,13,209,
E12,N225-09,N225-09_Glioblastoma,100,RRBS Library Preparation 2014-12-12.pdf,TruSeq LT Index 12,16.57,1.8,4.307618831,7,18.63,17,202,
C11,N2264-13,N2264-13,79.2,RRBS Library Preparation 2014-12-12.pdf,TruSeq LT Index 11,15.93,0.3,12.99603834,5,18.83,17,215,
E07,N2298-13 D,N2298-13 D,100,RRBS Library Preparation 2014-12-12.pdf,TruSeq LT Index 7,13.78,0.68,9.362479117,1,17.06,15,212,
F04,N2310-13 D,N2310-13 D,100,RRBS Library Preparation 2014-12-12.pdf,TruSeq LT Index 16,14.03,0.43,11.13392678,1,17.06,15,212,
D01,N234-09 C,N234-09 C,100,RRBS Library Preparation 2014-12-12.pdf,TruSeq LT Index 13,13.815,1.105,7.438439541,3,17.9,16,215,
C03,N2362-15,N2362-15,100,RRBS Library Preparation 2014-12-12.pdf,TruSeq LT Index 3,16.265,1.125,6.877530324,4,18.33,16,212,
C04,N2363-15 C,N2363-15 C,100,RRBS Library Preparation 2014-12-12.pdf,TruSeq LT Index 4,15.655,0.61,9.827950529,3,17.81,16,212,
C05,N2367-15,N2367-15,100,RRBS Library Preparation 2014-12-12.pdf,TruSeq LT Index 5,19.565,1.205,6.506540154,7,22.19,20,212,
D03,N2367-15I,N2367-15I_AdelheidWoehrer,100,RRBS Library Preparation 2014-12-12.pdf,TruSeq LT Index 15,16.975,0,15,4,19.81,17.81,198,
D04,N2367-15II,N2367-15II_AdelheidWoehrer,100,RRBS Library Preparation 2014-12-12.pdf,TruSeq LT Index 16,16.005,0.97,7.657590943,4,19.81,17.81,198,
D05,N2367-15III,N2367-15III_AdelheidWoehrer,100,RRBS Library Preparation 2014-12-12.pdf,TruSeq LT Index 18,17.745,0.62,9.760063916,5,21.29,19.29,198,
C06,N2368-15,N2368-15,100,RRBS Library Preparation 2014-12-12.pdf,TruSeq LT Index 6,17.39,0,15,4,18.33,16,212,
D09,N2368-15 II,N2368-15 II,19.9,RRBS Library Preparation 2014-12-12.pdf,TruSeq LT Index 22,21.18,0,16,9,22.75,21,216,
D10,N2368-15 III,N2368-15 III,14.3,RRBS Library Preparation 2014-12-12.pdf,TruSeq LT Index 23,19.04,2.14,3.630076621,9,22.75,21,216,
D06,N2368-15I,N2368-15I_AdelheidWoehrer,100,RRBS Library Preparation 2014-12-12.pdf,TruSeq LT Index 19,17.4,0.965,7.684176173,5,21.29,19.29,198,
C07,N2371-15 B,N2371-15 B,100,RRBS Library Preparation 2014-12-12.pdf,TruSeq LT Index 7,15.985,0.28,12.35386526,3,17.81,16,212,
C08,N2372-15,N2372-15,100,RRBS Library Preparation 2014-12-12.pdf,TruSeq LT Index 8,17.055,0.335,11.89176205,4,18.33,16,212,
C09,N2373-15,N2373-15,100,RRBS Library Preparation 2014-12-12.pdf,TruSeq LT Index 9,17.335,0.5,10.60660172,5,19.33,17,212,
C10,N2374-15,N2374-15,80.52,RRBS Library Preparation 2014-12-12.pdf,TruSeq LT Index 10,16.26,0.005,14.94810394,3,17.81,16,212,
C11,N2375-15,N2375-15,37.4,RRBS Library Preparation 2014-12-12.pdf,TruSeq LT Index 11,17.26,0.13,13.70747175,4,18.33,16,212,
C12,N2376-15,N2376-15,39.6,RRBS Library Preparation 2014-12-12.pdf,TruSeq LT Index 12,19.105,0.345,11.80961965,6,20.8,19,212,
D01,N2377-15,N2377-15,27.06,RRBS Library Preparation 2014-12-12.pdf,TruSeq LT Index 13,19.685,1.085,7.070884019,7,22.19,20,212,
D03,N2378-15,N2378-15,100,RRBS Library Preparation 2014-12-12.pdf,TruSeq LT Index 15,17.07,0.32,12.01604816,4,18.33,16,212,
D04,N2380-15 C,N2380-15 C,100,RRBS Library Preparation 2014-12-12.pdf,TruSeq LT Index 16,17.625,0.21,12.96805847,5,19.33,17,212,
D05,N2381-15,N2381-15,100,RRBS Library Preparation 2014-12-12.pdf,TruSeq LT Index 18,17.06,0.33,11.93304726,4,18.33,16,212,
D06,N2382-15,N2382-15,100,RRBS Library Preparation 2014-12-12.pdf,TruSeq LT Index 19,19.45,0,15,6,20.8,19,212,
D07,N2383-15,N2383-15,39.38,RRBS Library Preparation 2014-12-12.pdf,TruSeq LT Index 20,19.485,1.285,6.155562066,7,22.19,20,212,
D08,N2384-15,N2384-15,15.48,RRBS Library Preparation 2014-12-12.pdf,TruSeq LT Index 21,20.43,0.34,11.85061968,7,22.19,20,212,
D09,N2385-15,N2385-15,100,RRBS Library Preparation 2014-12-12.pdf,TruSeq LT Index 22,19.66,1.11,6.949410464,7,22.19,20,212,
D10,N2386-15,N2386-15,100,RRBS Library Preparation 2014-12-12.pdf,TruSeq LT Index 23,14.46,0,15,1,17.06,15,212,
D11,N2403-15,N2403-15,100,RRBS Library Preparation 2014-12-12.pdf,TruSeq LT Index 25,16.315,1.075,7.120065907,4,18.33,16,212,
D07,N2441-14C,N2441-14C_Glioblastoma,100,RRBS Library Preparation 2014-12-12.pdf,TruSeq LT Index 20,13.575,0.795,8.645147601,3,15.1,13,210,
G01,N2446-14,N2446-14_Glioblastoma,57.2,RRBS Library Preparation 2014-12-12.pdf,TruSeq LT Index 1,15.985,0.425,11.17258097,6,17.25,15,202,
G02,N2447-14A,N2447-14A_Glioblastoma,100,RRBS Library Preparation 2014-12-12.pdf,TruSeq LT Index 2,14.835,0.985,7.578385849,5,17.52,16,202,
G03,N2448-14,N2448-14_Glioblastoma,100,RRBS Library Preparation 2014-12-12.pdf,TruSeq LT Index 3,12.115,2.95,1.941121732,4,16.5,15,202,
G04,N2449-14,N2449-14_Glioblastoma,100,RRBS Library Preparation 2014-12-12.pdf,TruSeq LT Index 4,14.495,0.57,10.10425183,4,16.5,15,202,
G05,N2450-14,N2450-14_Glioblastoma,100,RRBS Library Preparation 2014-12-12.pdf,TruSeq LT Index 5,15.07,0.75,8.919053363,5,17.52,16,202,
G06,N2451-14,N2451-14_Glioblastoma,52.8,RRBS Library Preparation 2014-12-12.pdf,TruSeq LT Index 6,15.475,0.345,11.80961965,5,17.52,16,202,
G07,N2452-14,N2452-14_Glioblastoma,100,RRBS Library Preparation 2014-12-12.pdf,TruSeq LT Index 7,11.88,0.975,7.631097691,1,14.12,12,209,
G08,N2453-14,N2453-14_Glioblastoma,100,RRBS Library Preparation 2014-12-12.pdf,TruSeq LT Index 8,13.67,0.14,13.61278733,2,15.06,13,209,
F11,N2454-14,N2454-14_Glioblastoma,100,RRBS Library Preparation 2014-12-12.pdf,TruSeq LT Index 25,15.335,0.57,10.10425183,7b,18.1,16,210,
F12,N2455-14A,N2455-14A_Glioblastoma,13.2,RRBS Library Preparation 2014-12-12.pdf,TruSeq LT Index 27,15.325,0.58,10.03445666,7b,18.1,16,210,
G01,N2456-14,N2456-14_Glioblastoma,12.1,RRBS Library Preparation 2014-12-12.pdf,TruSeq LT Index 1,17.905,0,15,8,19.78,18,210,
G02,N2457-14,N2457-14_Glioblastoma,83.16,RRBS Library Preparation 2014-12-12.pdf,TruSeq LT Index 2,17.5,0.405,11.32854439,8,19.78,18,210,
G03,N2460-14,N2460-14_Glioblastoma,89.32,RRBS Library Preparation 2014-12-12.pdf,TruSeq LT Index 3,18.97,2.235,3.186318747,9,22.32,20,210,
G04,N2461-14,N2461-14_Glioblastoma,44.44,RRBS Library Preparation 2014-12-12.pdf,TruSeq LT Index 4,13.145,0.815,8.526127299,7a,17.11,15,210,
A05,N2462-14,N2462-14_Glioblastoma,88.44,RRBS Library Preparation 2014-12-12.pdf,TruSeq LT Index 5,17.665,0.705,9.201637329,7,18.63,17,202,
C07,N2462-15,N2462-15,19.8,RRBS Library Preparation 2014-12-12.pdf,TruSeq LT Index 7,17.37,0.36,12.46663327,7,20.06,18,215,
A06,N2463-14,N2463-14_Glioblastoma,21.736,RRBS Library Preparation 2014-12-12.pdf,TruSeq LT Index 6,15.95,0.46,10.90479388,6,17.25,15,202,
A07,N2464-14A,N2464-14A_Glioblastoma,100,RRBS Library Preparation 2014-12-12.pdf,TruSeq LT Index 7,12.37,1.44,5.528509565,2,15.06,13,209,
A08,N2465-14A,N2465-14A_Glioblastoma,88.88,RRBS Library Preparation 2014-12-12.pdf,TruSeq LT Index 8,14.735,0.33,11.93304726,4,16.5,15,202,
G05,N2477-14,N2477-14_Glioblastoma,34.54,RRBS Library Preparation 2014-12-12.pdf,TruSeq LT Index 5,16.795,1.11,6.949410464,8,19.78,18,210,
G06,N2478-14,N2478-14_Glioblastoma,59.4,RRBS Library Preparation 2014-12-12.pdf,TruSeq LT Index 6,15.24,0.665,9.460330566,7b,18.1,16,210,
G07,N2481-14,N2481-14_Glioblastoma,100,RRBS Library Preparation 2014-12-12.pdf,TruSeq LT Index 7,11.72,2.24,3.175294921,7a,17.11,15,210,
G08,N2482-14A,N2482-14A_Glioblastoma,29.92,RRBS Library Preparation 2014-12-12.pdf,TruSeq LT Index 8,18.355,2.85,2.08044276,9,22.32,20,210,
G09,N2487-14A,N2487-14A_Glioblastoma,7.92,RRBS Library Preparation 2014-12-12.pdf,TruSeq LT Index 9,20.06,1.145,6.782845332,9,22.32,20,210,
G10,N2488-14,N2488-14_Glioblastoma,100,RRBS Library Preparation 2014-12-12.pdf,TruSeq LT Index 10,21.205,0,15,9,22.32,20,210,
B09,N2489-14,N2489-14_Glioblastoma,100,RRBS Library Preparation 2014-12-12.pdf,TruSeq LT Index 22,14.37,0,15,3,15.1,13,210,
B10,N2490-14,N2490-14_Glioblastoma,100,RRBS Library Preparation 2014-12-12.pdf,TruSeq LT Index 23,12.975,1.395,5.703670325,3,15.1,13,210,
B11,N2491-14,N2491-14_Glioblastoma,100,RRBS Library Preparation 2014-12-12.pdf,TruSeq LT Index 25,11.205,1.65,4.779602352,1,14.12,12,209 with the repeated pool in AK10 ,
C08,N2506-14 B,N2506-14 B,100,RRBS Library Preparation 2014-12-12.pdf,TruSeq LT Index 8,14.485,0.875,8.724061861,4,17.48,15,215,
F04,N259-08,N259-08_Glioblastoma,90.9,AK09 pool 8 new barcodes- not enought DNA left,TruSeq LT Index 16,16.33,1.575,5.034646885,8,19.78,18,210,
D05,N294-10 C,N294-10 C,100,RRBS Library Preparation 2014-12-12.pdf,TruSeq LT Index 18,17.64,0.09,15.03236399,7,20.06,18,215,
D09,N321-15C,N321-15C_AdelheidWoehrer,100,RRBS Library Preparation 2014-12-12.pdf,TruSeq LT Index 22,18.28,0.085,14.14176804,5,21.29,19.29,198,
E09,N359-14 B,N359-14 B,100,RRBS Library Preparation 2014-12-12.pdf,TruSeq LT Index 9,14.59,0.76,8.857444961,2,16.94,15,212,
F09,N369-08,N369-08_Glioblastoma,100,AK09 pool 8 new barcodes,TruSeq LT Index 22,18.01,3.195,1.63794918,9,22.32,20,210,
A03,N380-09B,N380-09B_AdelheidWoehrer,100,RRBS Library Preparation 2014-12-12.pdf,TruSeq LT Index 3,13.18,1.095,7.022041856,2,17.27,15.27,196,198
F02,N386-06,N386-06_Glioblastoma,39.06,AK09 pool 8 new barcodes - not enought DNA left,TruSeq LT Index 14,15.005,0.9,8.038300969,7b,18.1,16,210,
H03,N392-09_tr3,N392-09_test run 3,100,RRBS Library Preparation 2014-12-12.pdf,TruSeq LT Index 15,16.525,0.465,11.59153724,6a,18.79,17,215,
F08,N417-14,N417-14_Glioblastoma,44.88,RRBS Library Preparation 2014-12-12.pdf,TruSeq LT Index 21,14.99,0.83,8.437938635,5,17.52,16,202,
G09,N417-14_f,N417-14 – Frozen – DNA,100,RRBS Library Preparation 2014-12-12.pdf,TruSeq LT Index 9,10.13,3.09,1.879045498,2,16.17,14,215,
D09,N441-06,N441-06_Glioblastoma,100,RRBS Library Preparation 2014-12-12.pdf,TruSeq LT Index 22,16.32,0.09,14.09284124,6,17.25,15,202,
G11,N458-14_f,N458-14 – Frozen – DNA,100,RRBS Library Preparation 2014-12-12.pdf,TruSeq LT Index 11,9.305,0.165,14.27085631,1,13.38,11,215,
B02,N465-05C,N465-05C_Glioblastoma,100,RRBS Library Preparation 2014-12-12.pdf,TruSeq LT Index 14,15.475,0.345,11.80961965,5,17.52,16,202,
C06,N475-15,N475-15,100,RRBS Library Preparation 2014-12-12.pdf,TruSeq LT Index 6,14.03,1.33,6.36429187,4,17.48,15,215,
F09,N490-13B,N490-13B_Glioblastoma,100,RRBS Library Preparation 2014-12-12.pdf,TruSeq LT Index 22,16.845,1.525,5.212193324,7,18.63,17,202,
C09,N531-07,N531-07_Glioblastoma,100,RRBS Library Preparation 2014-12-12.pdf,TruSeq LT Index 9,12.23,0.625,9.72629666,1,14.12,12,209,
D06,N536-07,N536-07_Glioblastoma,100,RRBS Library Preparation 2014-12-12.pdf,TruSeq LT Index 19,14.705,0.36,11.68746869,4,16.5,15,202,
D07,N54-13,N54-13,100,RRBS Library Preparation 2014-12-12.pdf,TruSeq LT Index 20,17.78,3.235,1.699369998,8,22.67,21,216,
F05,N554-03B,N554-03B_Glioblastoma,100,AK09 pool 8 new barcodes,TruSeq LT Index 18,16.235,1.67,4.713800154,8,19.78,18,210,
E12,N605-13,N605-13,66.88,RRBS Library Preparation 2014-12-12.pdf,TruSeq LT Index 12,16.27,1.12,6.90140738,4,18.33,16,212,
D08,N61-15D,N61-15D_AdelheidWoehrer,100,RRBS Library Preparation 2014-12-12.pdf,TruSeq LT Index 21,18.22,0.145,13.56569066,5,21.29,19.29,198,
F05,N623-04,N623-04_Glioblastoma,100,RRBS Library Preparation 2014-12-12.pdf,TruSeq LT Index 18,17.255,1.115,6.92536733,7,18.63,17,202,
F10,N658-15D,N658-15D_Glioblastoma,100,RRBS Library Preparation 2014-12-12.pdf,TruSeq LT Index 23,11.955,1.855,4.14648995,2,15.06,13,209,
F11,N668-06,N668-06_Glioblastoma,88.44,RRBS Library Preparation 2014-12-12.pdf,TruSeq LT Index 25,13.265,0.545,10.28087104,2,15.06,13,209,
C03,N669-06I,N669-06I_AdelheidWoehrer,100,RRBS Library Preparation 2014-12-12.pdf,TruSeq LT Index 3,11.72,1.955,3.868811922,1,15.78,13.78,196,198
C04,N669-06II,N669-06II_AdelheidWoehrer,100,RRBS Library Preparation 2014-12-12.pdf,TruSeq LT Index 4,11.5,2.175,3.321628197,1,15.78,13.78,196,198
C05,N669-06III,N669-06III_AdelheidWoehrer,100,RRBS Library Preparation 2014-12-12.pdf,TruSeq LT Index 5,18.345,0.02,14.79349057,5,21.29,19.29,198,
E01,N677-15,N677-15,100,RRBS Library Preparation 2014-12-12.pdf,TruSeq LT Index 1,15.45,0.815,8.526127299,3,17.81,16,212,
E02,N678-15,N678-15,100,RRBS Library Preparation 2014-12-12.pdf,TruSeq LT Index 2,15.36,0.905,8.01049056,3,17.81,16,212,
E05,N679-15,N679-15,100,RRBS Library Preparation 2014-12-12.pdf,TruSeq LT Index 5,15.25,0.1,13.99549487,2,16.94,15,212,
E11,N681-15,N681-15,100,RRBS Library Preparation 2014-12-12.pdf,TruSeq LT Index 11,14.325,1.025,7.371154489,2,16.94,15,212,
F02,N683-15,N683-15,64.68,RRBS Library Preparation 2014-12-12.pdf,TruSeq LT Index 14,17.395,0.44,11.05701913,5,19.33,17,212,
F03,N684-15,N684-15,100,RRBS Library Preparation 2014-12-12.pdf,TruSeq LT Index 15,15.265,0.085,14.14176804,2,16.94,15,212,
F05,N686-15,N686-15,100,RRBS Library Preparation 2014-12-12.pdf,TruSeq LT Index 18,17.74,0.095,14.04408371,5,19.33,17,212,
A02,N687-15,N687-15,100,RRBS Library Preparation 2014-12-12.pdf,TruSeq LT Index 2,12.775,0.445,11.75334907,2,16.17,14,215,
A03,N688-15,N688-15,100,RRBS Library Preparation 2014-12-12.pdf,TruSeq LT Index 3,12.04,1.18,7.06162397,2,16.17,14,215,
A04,N689-15,N689-15,40.04,RRBS Library Preparation 2014-12-12.pdf,TruSeq LT Index 4,15.945,1.045,7.754318535,6a,18.79,17,215,
A05,N690-15,N690-15,100,RRBS Library Preparation 2014-12-12.pdf,TruSeq LT Index 5,14.92,0,16,3,17.9,16,215,
A06,N693-15,N693-15,100,RRBS Library Preparation 2014-12-12.pdf,TruSeq LT Index 6,13.785,1.135,7.285358669,3,17.9,16,215,
A07,N695-15,N695-15,100,RRBS Library Preparation 2014-12-12.pdf,TruSeq LT Index 7,13.925,1.435,5.917550037,4,17.48,15,215,
A08,N698-15,N698-15,100,RRBS Library Preparation 2014-12-12.pdf,TruSeq LT Index 8,13.18,1.74,4.789914818,3,17.9,16,215,
A09,N699-15,N699-15,100,RRBS Library Preparation 2014-12-12.pdf,TruSeq LT Index 9,15.705,1.285,6.56593287,6a,18.79,17,215,
A10,N700-15 B,N700-15 B,100,RRBS Library Preparation 2014-12-12.pdf,TruSeq LT Index 10,12.065,1.155,7.185058983,2,16.17,14,215,
A11,N701-15 B,N701-15 B,100,RRBS Library Preparation 2014-12-12.pdf,TruSeq LT Index 11,14.96,0.4,12.12573253,4,17.48,15,215,
A12,N702-15,N702-15,100,RRBS Library Preparation 2014-12-12.pdf,TruSeq LT Index 12,12.915,2.005,3.986161051,3,17.9,16,215,
B01,N703-15,N703-15,100,RRBS Library Preparation 2014-12-12.pdf,TruSeq LT Index 13,13.22,0,16,2,16.17,14,215,
B02,N706-15,N706-15,100,RRBS Library Preparation 2014-12-12.pdf,TruSeq LT Index 14,15.36,0,16,4,17.48,15,215,
B03,N707-15,N707-15,100,RRBS Library Preparation 2014-12-12.pdf,TruSeq LT Index 15,17.15,0.58,10.70342044,7,20.06,18,215,
B05,N708-15,N708-15_AdelheidWoehrer,100,RRBS Library Preparation 2014-12-12.pdf,TruSeq LT Index 18,16.405,0.57,10.10425183,4,19.81,17.81,198,
B06,N709-15,N709-15_AdelheidWoehrer,100,RRBS Library Preparation 2014-12-12.pdf,TruSeq LT Index 19,13.99,0.285,12.31112413,2,17.27,15.27,196,198
B04,N710-15,N710-15,100,RRBS Library Preparation 2014-12-12.pdf,TruSeq LT Index 16,16.98,0.01,15.88947993,6a,18.79,17,215,
B05,N711-15,N711-15,10.12,RRBS Library Preparation 2014-12-12.pdf,TruSeq LT Index 18,20.49,0.69,9.9176616,9,22.75,21,216,
B06,N712-15,N712-15,100,RRBS Library Preparation 2014-12-12.pdf,TruSeq LT Index 19,16.735,0.255,13.40779415,6a,18.79,17,215,
B07,N713-15,N713-15,100,RRBS Library Preparation 2014-12-12.pdf,TruSeq LT Index 20,16.915,0.075,15.18947394,6a,18.79,17,215,
B08,N714-15,N714-15,100,RRBS Library Preparation 2014-12-12.pdf,TruSeq LT Index 21,12.715,0.505,11.27456604,2,16.17,14,215,
B09,N715-15,N715-15,100,RRBS Library Preparation 2014-12-12.pdf,TruSeq LT Index 22,16.23,0,16,5,18.83,17,215,
C03,N719-07,N719-07_Glioblastoma,100,RRBS Library Preparation 2014-12-12.pdf,TruSeq LT Index 3,10.775,2.08,3.547716175,1,14.12,12,209,
B10,N719-15,N719-15,59.4,RRBS Library Preparation 2014-12-12.pdf,TruSeq LT Index 23,17.73,0,16,7,20.06,18,215,
B11,N720-15 B,N720-15 B,100,RRBS Library Preparation 2014-12-12.pdf,TruSeq LT Index 25,15.8,0.43,11.87618857,5,18.83,17,215,
G08,N721-13_f,N721-13 – Frozen – DNA,100,RRBS Library Preparation 2014-12-12.pdf,TruSeq LT Index 8,9.67,3.55,1.366040257,2,16.17,14,215,
F07,N721-13B,N721-13B_Glioblastoma,100,RRBS Library Preparation 2014-12-12.pdf,TruSeq LT Index 20,12.685,0.17,13.33264022,1,14.12,12,209,
B12,N721-15,N721-15,100,RRBS Library Preparation 2014-12-12.pdf,TruSeq LT Index 27,14.875,0.485,11.43195312,4,17.48,15,215,
C01,N722-15,N722-15,58.74,RRBS Library Preparation 2014-12-12.pdf,TruSeq LT Index 1,16.625,0.365,12.423502,6a,18.79,17,215,
C03,N733-15 C,N733-15 C,100,RRBS Library Preparation 2014-12-12.pdf,TruSeq LT Index 3,16.5,0.49,11.39240156,6a,18.79,17,215,
E08,N762-14 B,N762-14 B,100,RRBS Library Preparation 2014-12-12.pdf,TruSeq LT Index 8,14.19,0.27,12.43979319,1,17.06,15,212,
F02,N806-12,N806-12_Glioblastoma,100,RRBS Library Preparation 2014-12-12.pdf,TruSeq LT Index 14,13.05,0.76,8.857444961,2,15.06,13,209,
F12,N820-07C,N820-07C_Glioblastoma,100,RRBS Library Preparation 2014-12-12.pdf,TruSeq LT Index 27,14.44,0.625,9.72629666,4,16.5,15,202,
C06,N820-07CI,N820-07CI_AdelheidWoehrer,100,RRBS Library Preparation 2014-12-12.pdf,TruSeq LT Index 6,14.145,0.13,13.70747175,2,17.27,15.27,196,198
C07,N820-07CII,N820-07CII_AdelheidWoehrer,100,RRBS Library Preparation 2014-12-12.pdf,TruSeq LT Index 7,16.81,0.165,13.37892779,4,19.81,17.81,198,
C08,N820-07CIII,N820-07CIII_AdelheidWoehrer,100,RRBS Library Preparation 2014-12-12.pdf,TruSeq LT Index 8,14.125,0.15,13.51875694,2,17.27,15.27,196,198
G10,N822-13_f,N822-13 – Frozen – DNA,100,RRBS Library Preparation 2014-12-12.pdf,TruSeq LT Index 10,8.485,0.985,8.083611572,1,13.38,11,215,
C12,N840-01,N840-01,37.4,RRBS Library Preparation 2014-12-12.pdf,TruSeq LT Index 12,19.285,1.895,4.301977562,9,22.75,21,216,
C02,N845-13,N845-13_Glioblastoma,100,RRBS Library Preparation 2014-12-12.pdf,TruSeq LT Index 2,13.82,0.55,10.24530193,3,15.1,13,210,
G05,N845-13_f,N845-13 – Frozen – DNA,100,RRBS Library Preparation 2014-12-12.pdf,TruSeq LT Index 5,10.775,2.445,2.938337267,2,16.17,14,215,
D03,N853-13A,N853-13A_Glioblastoma,100,RRBS Library Preparation 2014-12-12.pdf,TruSeq LT Index 15,15.135,0.685,9.3300874,5,17.52,16,202,
E08,N861-08A,N861-08A_Glioblastoma,100,RRBS Library Preparation 2014-12-12.pdf,TruSeq LT Index 8,12.475,0.38,11.52656386,1,14.12,12,209,
C12,N861-08AI,N861-08AI_AdelheidWoehrer,100,RRBS Library Preparation 2014-12-12.pdf,TruSeq LT Index 12,14.425,1.1,6.997747437,3,18.05,16.05,198,
D01,N861-08AII,N861-08AII_AdelheidWoehrer,100,RRBS Library Preparation 2014-12-12.pdf,TruSeq LT Index 13,10.98,2.695,2.316409945,1,15.78,13.78,196,198
D02,N861-08AIII,N861-08AIII_AdelheidWoehrer,100,RRBS Library Preparation 2014-12-12.pdf,TruSeq LT Index 14,11.37,2.305,3.035408312,1,15.78,13.78,196,198
D01,N886-12,N886-12_Glioblastoma,100,RRBS Library Preparation 2014-12-12.pdf,TruSeq LT Index 13,15.065,0,15,4,16.5,15,202,
G06,N886-12_f,N886-12 – Frozen – DNA,100,RRBS Library Preparation 2014-12-12.pdf,TruSeq LT Index 6,9.785,3.435,1.479387509,2,16.17,14,215,
C05,N893-08,N893-08_Glioblastoma,100,RRBS Library Preparation 2014-12-12.pdf,TruSeq LT Index 5,14.565,0.5,10.60660172,4,16.5,15,202,
E03,N910-14 B,N910-14 B,100,RRBS Library Preparation 2014-12-12.pdf,TruSeq LT Index 3,11.54,2.92,1.981908826,1,17.06,15,212,
D10,N912-12F,N912-12F_AdelheidWoehrer,100,RRBS Library Preparation 2014-12-12.pdf,TruSeq LT Index 23,15.035,0.49,10.68037647,3,18.05,16.05,198,
D08,N918-15,N918-15_Glioblastoma,82.72,RRBS Library Preparation 2014-12-12.pdf,TruSeq LT Index 21,14.41,0.655,9.526132369,4,16.5,15,202,
A12,N960-03,N960-03_Glioblastoma,100,RRBS Library Preparation 2014-12-12.pdf,TruSeq LT Index 12,14.08,0.29,12.26853088,3,15.1,13,210,
E11,N969-08,N969-08_Glioblastoma,100,RRBS Library Preparation 2014-12-12.pdf,TruSeq LT Index 11,16.93,1.44,5.528509565,7,18.63,17,202,
E07,N986-07A,N986-07A_Glioblastoma,100,RRBS Library Preparation 2014-12-12.pdf,TruSeq LT Index 7,13.015,1.355,5.864022323,3,15.1,13,210,
C09,N986-07CI,N986-07CI_AdelheidWoehrer,100,RRBS Library Preparation 2014-12-12.pdf,TruSeq LT Index 9,15.115,0.41,11.28935061,3,18.05,16.05,198,
C10,N986-07CII,N986-07CII_AdelheidWoehrer,100,RRBS Library Preparation 2014-12-12.pdf,TruSeq LT Index 10,14.765,0.76,8.857444961,3,18.05,16.05,198,
C11,N986-07CIII,N986-07CIII_AdelheidWoehrer,100,RRBS Library Preparation 2014-12-12.pdf,TruSeq LT Index 11,16.305,0.67,9.427600309,4,19.81,17.81,198,
D06,N995-10,N995-10,100,RRBS Library Preparation 2014-12-12.pdf,TruSeq LT Index 19,19.62,1.56,5.42641731,9,22.75,21,216,
C10,N995-11,N995-11,100,RRBS Library Preparation 2014-12-12.pdf,TruSeq LT Index 10,14.05,0.87,8.75434961,3,17.9,16,215,
E05,N1453-06B,1453-06B,100,RRBS Library Preparation 2014-12-12.pdf,TruSeq LT Index 5,14.32,0.93,7.872875127,6,16.36,14,259,
C08,Graz_10_1_2009,Graz 10.1 2009,47.3,RRBS Library Preparation 2014-12-12.pdf,TruSeq LT Index 8,17.25,0.205,13.01308031,7,17.54,16,259,
C09,Graz_10_3_2009,Graz 10.3 2009,100,RRBS Library Preparation 2014-12-12.pdf,TruSeq LT Index 9,16.62,0.835,8.408745585,7,17.54,16,259,
C07,Graz_11_2_2010,Graz 11.2 2010,300,re-run from AK27,TruSeq LT Index 7,14.89,0,15,7b,14.57,13,262,
C11,Graz_11_3_2011,Graz 11.3 2011,100,RRBS Library Preparation 2014-12-12.pdf,TruSeq LT Index 11,16.43,1.025,7.371154489,7,17.54,16,259,
C12,Graz_11_8_2012,Graz 11.8 2012,15.4,RRBS Library Preparation 2014-12-12.pdf,TruSeq LT Index 12,14,0.32,12.01604816,5,16.12,14,259,
D01,Graz_12_2_2011,Graz 12.2 2011,100,RRBS Library Preparation 2014-12-12.pdf,TruSeq LT Index 13,14.57,0.68,9.362479117,6,16.36,14,259,
D02,Graz_12_3_2011,Graz 12.3 2011,26.62,RRBS Library Preparation 2014-12-12.pdf,TruSeq LT Index 14,17.455,0,15,7,17.54,16,259,
C01,Graz4_1_2010,Graz 4.1 2010,17.38,RRBS Library Preparation 2014-12-12.pdf,TruSeq LT Index 1,17.01,0.445,11.01876475,7,17.54,16,259,
C02,Graz4_5_2010,Graz 4.5 2010,100,RRBS Library Preparation 2014-12-12.pdf,TruSeq LT Index 2,15.355,2.1,3.498873718,7,17.54,16,259,
C03,Graz5_1_2009,Graz 5.1 2009,62.7,RRBS Library Preparation 2014-12-12.pdf,TruSeq LT Index 3,15.565,1.89,4.047105887,7,17.54,16,259,
C04,Graz_5_4_2009,Graz 5.4 2009,100,RRBS Library Preparation 2014-12-12.pdf,TruSeq LT Index 4,15.405,2.05,3.622261233,7,17.54,16,259,
C05,Graz_9_2_2011,Graz 9.2 2011,100,RRBS Library Preparation 2014-12-12.pdf,TruSeq LT Index 5,15.685,1.77,4.39813106,7,17.54,16,259,
C06,Graz_9_4_2012,Graz 9.4 2012,100,RRBS Library Preparation 2014-12-12.pdf,TruSeq LT Index 6,15.05,0.2,13.05825845,6,16.36,14,259,
C07,Graz_9_8_2014,Graz 9.8 2014,56.76,RRBS Library Preparation 2014-12-12.pdf,TruSeq LT Index 7,15.25,0,15,6,16.36,14,259,
E06,N541-09,N 541-09,88.88,RRBS Library Preparation 2014-12-12.pdf,TruSeq LT Index 6,13.11,0.985,7.578385849,4,15.85,14,259,
E11,N561-11,N 561-11,100,RRBS Library Preparation 2014-12-12.pdf,TruSeq LT Index 11,13.22,0,15,3,15.23,13,259,
E07,N778-11,N 778-11,100,RRBS Library Preparation 2014-12-12.pdf,TruSeq LT Index 7,13.645,0.45,10.98064272,4,15.85,14,259,
E09,N795-13,N 795-13,100,RRBS Library Preparation 2014-12-12.pdf,TruSeq LT Index 9,13.305,0.79,8.675161379,4,15.85,14,259,
F05,N1020-10_rk,N1020-10 RCL1,22.22,RRBS Library Preparation 2014-12-12.pdf,TruSeq LT Index 18,14.12,0.2,13.05825845,5,16.12,14,259,
F06,N1025-10_rk,N1025-10 RCL G2,22,RRBS Library Preparation 2014-12-12.pdf,TruSeq LT Index 19,13.765,0.33,11.93304726,4,15.85,14,259,
E12,N1101-03B,N1101-03B,100,RRBS Library Preparation 2014-12-12.pdf,TruSeq LT Index 12,14.495,0.755,8.888195782,6,16.36,14,259,
F07,N1109-10_rk,N1109-10 RCL2,16.72,RRBS Library Preparation 2014-12-12.pdf,TruSeq LT Index 20,14.89,0.36,11.68746869,6,16.36,14,259,
E01,N1137-98,N1137-98,100,RRBS Library Preparation 2014-12-12.pdf,TruSeq LT Index 1,14,0.32,12.01604816,5,16.12,14,259,
F09,N1165-14_rk,N1165-14 Kfix 1+2,38.94,RRBS Library Preparation 2014-12-12.pdf,TruSeq LT Index 22,13.745,0.35,11.76876147,4,15.85,14,259,
H03,N1180-10_rk,N1180-10 RCL G2,58.08,RRBS Library Preparation 2014-12-12.pdf,TruSeq LT Index 15,13.79,0.305,12.14163325,4,15.85,14,259,
H04,N1317-12_rk,N1317-12 Kfix2,58.52,RRBS Library Preparation 2014-12-12.pdf,TruSeq LT Index 16,13.06,1.035,7.320238206,4,15.85,14,259,
F02,N1420-08_rk,N1420-08 RCL,41.58,RRBS Library Preparation 2014-12-12.pdf,TruSeq LT Index 14,14.745,0.505,10.56990566,6,16.36,14,259,
D09,N1512-14B,N1512-14B,100,RRBS Library Preparation 2014-12-12.pdf,TruSeq LT Index 22,12.775,0.445,11.01876475,3,15.23,13,259,
F08,N173-14_rk,N173-14 Kfix2,100,RRBS Library Preparation 2014-12-12.pdf,TruSeq LT Index 21,12.465,0.755,8.888195782,3,15.23,13,259,
F04,N1814-09_rk,N1814-09 RCL3,45.32,RRBS Library Preparation 2014-12-12.pdf,TruSeq LT Index 16,13.45,0.87,8.207202759,5,16.12,14,259,
F10,N1844-13_rk,N1844-13 Kfix,100,RRBS Library Preparation 2014-12-12.pdf,TruSeq LT Index 23,11.845,1.375,5.783290595,3,15.23,13,259,
D12,N1995-15,N1995-15,100,RRBS Library Preparation 2014-12-12.pdf,TruSeq LT Index 27,14.26,0.06,14.38896179,5,16.12,14,259,
D07,N200-15,N200-15,100,RRBS Library Preparation 2014-12-12.pdf,TruSeq LT Index 20,14.255,0.065,14.33917976,5,16.12,14,259,
F03,N225-09_rk,N225-09 RCL,40.26,RRBS Library Preparation 2014-12-12.pdf,TruSeq LT Index 15,14.43,0.82,8.49662914,6,16.36,14,259,
D06,N2515-15C,N2515-15C,100,RRBS Library Preparation 2014-12-12.pdf,TruSeq LT Index 19,14.32,0,15,5,16.12,14,259,
D05,N2566-15B,N2566-15 B,100,RRBS Library Preparation 2014-12-12.pdf,TruSeq LT Index 18,14.095,0,15,4,15.85,14,259,
D11,N2613-14C,N2613-14C,100,RRBS Library Preparation 2014-12-12.pdf,TruSeq LT Index 25,14.145,0.175,13.28651279,5,16.12,14,259,
D04,N269-16,N269-16,64.02,RRBS Library Preparation 2014-12-12.pdf,TruSeq LT Index 16,13.02,0.2,13.05825845,3,15.23,13,259,
E08,N282-08,N282-08,100,RRBS Library Preparation 2014-12-12.pdf,TruSeq LT Index 8,14.94,0.31,12.09962639,6,16.36,14,259,
E04,N289-04A,N289-04A,100,RRBS Library Preparation 2014-12-12.pdf,TruSeq LT Index 4,13.79,0.305,12.14163325,4,15.85,14,259,
E02,N41-05A,N41-05A,100,RRBS Library Preparation 2014-12-12.pdf,TruSeq LT Index 2,14.295,0.025,14.74230898,5,16.12,14,259,
H02,N417-14_rk,N417-14 Kfix 2+3,100,RRBS Library Preparation 2014-12-12.pdf,TruSeq LT Index 14,12.645,0.575,10.06929377,3,15.23,13,259,
D10,N444-16B.1,N444-16B.1,100,RRBS Library Preparation 2014-12-12.pdf,TruSeq LT Index 23,14.37,0.88,8.150511469,6,16.36,14,259,
F12,N656-15_rk,N656-15 Kfix,100,RRBS Library Preparation 2014-12-12.pdf,TruSeq LT Index 27,12.05,1.17,6.666320109,3,15.23,13,259,
E03,N697-11A,N697-11A,100,RRBS Library Preparation 2014-12-12.pdf,TruSeq LT Index 3,13.96,0.36,11.68746869,5,16.12,14,259,
H01,N721-13_rk,N721-13 Kfix G1,100,RRBS Library Preparation 2014-12-12.pdf,TruSeq LT Index 13,12.775,0.445,11.01876475,3,15.23,13,259,
D03,N759-15B,N759-15B,100,RRBS Library Preparation 2014-12-12.pdf,TruSeq LT Index 15,14.585,2.87,2.05180069,7,17.54,16,259,
F01,N781-12C,N781-12C,100,RRBS Library Preparation 2014-12-12.pdf,TruSeq LT Index 13,15.39,2.065,3.584794941,7,17.54,16,259,
D08,N883-16A,N883-16A,100,RRBS Library Preparation 2014-12-12.pdf,TruSeq LT Index 21,12.71,1.385,5.743342489,4,15.85,14,259,
F11,N886-12_rk,N886-12 Kfix + RCL,100,RRBS Library Preparation 2014-12-12.pdf,TruSeq LT Index 25,11.87,1.35,5.884380734,3,15.23,13,259,
E10,N901-07 A,N901-07 A,100,RRBS Library Preparation 2014-12-12.pdf,TruSeq LT Index 10,12.88,0.34,11.85061968,3,15.23,13,259,
C07,N1180-10,EA001-002_N1180-10_AdelheidWoehrer,200,RRBS Library Preparation 2014-12-12.pdf,TruSeq LT Index 7,13.15,3.89,1,6,17.47,15,170,
C08,N1317-12,EA001-006_N1317-12_AdelheidWoehrer,78,RRBS Library Preparation 2014-12-12.pdf,TruSeq LT Index 8,12.96,4.08,0.9,6,17.47,15,170,
C09,N1020-10,EA001-008_N1020-10_AdelheidWoehrer,200,RRBS Library Preparation 2014-12-12.pdf,TruSeq LT Index 9,14.36,2.68,2.3,6,17.47,15,170,
C10,N1916-12,EA001-010_N1916-12_AdelheidWoehrer,200,RRBS Library Preparation 2014-12-12.pdf,TruSeq LT Index 10,17.04,0,15,6,17.47,15,170,
C11,N1279-07,EA001-015_N1279-07_AdelheidWoehrer,200,RRBS Library Preparation 2014-12-12.pdf,TruSeq LT Index 11,13.74,3.3,1.5,6,17.47,15,170,
C12,N392-09,EA001-017_N392-09_AdelheidWoehrer,200,RRBS Library Preparation 2014-12-12.pdf,TruSeq LT Index 12,13.4,3.64,1.2,6,17.47,15,170,
